invoice_no,categories,billed_total,expected_total,difference
MDS-00038,submitted_over_30_days,97520.52,97520.52,0.00
MDS-00042,rate_differs,213194.29,212401.29,793.00
MDS-00062,qty_above_report,134584.98,133983.51,601.47
MDS-00072,discount_DS900_wrong,1503685.26,1455037.84,48647.42
MDS-00078,rate_differs,136661.15,136212.84,448.31
MDS-00121,rate_differs,129672.01,129937.11,-265.10
MDS-00164,outside_invoice_period,220472.94,218063.86,2409.08
MDS-00199,submitted_over_30_days,129206.61,129206.61,0.00
MDS-00204,rate_differs,65746.27,65351.57,394.70
MDS-00214,rate_differs,54788.55,54769.04,19.51
MDS-00215,rate_differs,88214.53,87732.64,481.89
MDS-00282,discount_DS900_wrong,531039.85,521298.25,9741.60
MDS-00287,not_supported_by_report,335100.12,333661.28,1438.84
MDS-00307,rate_differs,1526132.08,1525771.14,360.94
MDS-00310,qty_above_report,120222.70,120009.80,212.90
MDS-00320,not_supported_by_report,79833.01,58560.89,21272.12
MDS-00323,rate_differs,38411.89,38220.33,191.56
MDS-00332,amount_ne_qty_x_rate,193543.24,193531.74,11.50
MDS-00340,report_unsigned,103564.47,92151.57,11412.90
MDS-00365,rate_differs,141923.24,140671.91,1251.33
MDS-00388,rate_differs,106715.77,106712.66,3.11
MDS-00398,rate_differs,112329.82,112326.71,3.11
MDS-00406,amount_ne_qty_x_rate,213484.75,213523.85,-39.10
MDS-00463,rate_differs,1378288.85,1376614.89,1673.96
MDS-00476,already_billed,151646.30,147859.24,3787.06
MDS-00537,submitted_over_30_days,70538.46,70538.46,0.00
MDS-00541,outside_invoice_period,74006.95,70219.89,3787.06
MDS-00551,total_ne_net_plus_vat,232901.95,230515.04,2386.91
MDS-00580,already_billed,119620.92,117437.70,2183.22
MDS-00586,rate_differs,220672.65,218318.60,2354.05
MDS-00622,rate_differs,66469.94,66033.30,436.64
MDS-00626,not_supported_by_report,156676.05,155848.56,827.49
MDS-00635,rate_differs,103021.13,103286.23,-265.10
MDS-00639,rate_differs,674867.84,645115.04,29752.80
MDS-00643,rate_differs,147232.64,146938.71,293.93
MDS-00645,submitted_before_period_end,109989.14,109989.14,0.00
MDS-00653,rate_differs,194430.11,194518.07,-87.96
MDS-00672,contract_ref_wrong,47992.77,47992.77,0.00
MDS-00700,qty_above_report,281332.93,280832.50,500.43
MDS-00732,rate_differs,87632.93,87599.36,33.57
MDS-00767,qty_above_report,156494.97,156138.75,356.22
MDS-00791,rate_differs,117723.81,116512.50,1211.31
MDS-00799,qty_above_report,101739.71,101383.49,356.22
MDS-00804,rate_differs,203406.28,203671.38,-265.10
MDS-00828,submitted_before_period_end,83540.06,83540.06,0.00
MDS-00840,rate_differs,86395.39,86499.30,-103.91
MDS-00842,report_unsigned,60472.84,49425.49,11047.35
MDS-00856,qty_above_report,97404.49,97100.26,304.23
MDS-00864,qty_above_report,256215.19,253915.88,2299.31
MDS-00876,part_D_absent,221304.92,218146.39,3158.53
MDS-00895,outside_invoice_period,277455.88,273668.81,3787.07
MDS-00901,report_unsigned,151460.66,104269.44,47191.22
MDS-00916,total_ne_net_plus_vat,96782.40,96718.25,64.15
MDS-00954,part_C_absent,153928.65,151115.58,2813.07
MDS-00975,rate_differs,436582.47,435932.40,650.07
MDS-00977,rate_differs,222488.03,221133.97,1354.06
MDS-00978,rate_differs,223356.43,209812.15,13544.28
MDS-00979,rate_differs,113182.99,112980.51,202.48
MDS-00988,contract_ref_wrong,108241.36,108241.36,0.00
MDS-00991,qty_above_report,232264.36,231424.23,840.13
MDS-01043,not_supported_by_report,63938.46,62122.46,1816.00
MDS-01044,amount_ne_qty_x_rate,98111.12,98118.02,-6.90
MDS-01047,qty_above_report,136573.68,136435.40,138.28
MDS-01049,discount_DS900_wrong,315781.43,314650.18,1131.25
MDS-01050,rate_differs,788650.84,786854.36,1796.48
MDS-01086,rate_differs,66241.25,66106.94,134.31
MDS-01089,rate_differs,1506023.23,1501748.82,4274.41
MDS-01137,rate_differs,72162.62,72303.95,-141.33
MDS-01183,not_supported_by_report,89777.75,88950.27,827.48
MDS-01258,submitted_before_period_end,94838.25,94838.25,0.00
MDS-01265,qty_above_report,108782.82,106373.75,2409.07
MDS-01268,not_supported_by_report,51976.63,50573.00,1403.63
MDS-01273,rate_differs,160774.76,160765.32,9.44
MDS-01302,rate_differs,116307.69,116400.65,-92.96
MDS-01313,rate_differs,155694.00,150704.44,4989.56
MDS-01317,total_ne_net_plus_vat,137837.79,137155.05,682.74
MDS-01338,qty_above_report,150489.34,150185.11,304.23
MDS-01341,qty_above_report,50966.79,44378.10,6588.69
MDS-01342,rate_differs,190693.13,190535.99,157.14
MDS-01373,qty_above_report,177768.97,175595.19,2173.78
MDS-01387,rate_differs,231504.92,227896.91,3608.01
MDS-01393,part_D_absent,232018.46,228859.92,3158.54
MDS-01415,rate_differs,107265.53,106626.76,638.77
MDS-01416,rate_differs,75622.14,75512.89,109.25
MDS-01424,not_supported_by_report,121808.13,120980.64,827.49
MDS-01427,rate_differs,110566.59,110557.15,9.44
MDS-01438,not_supported_by_report,132758.54,111486.42,21272.12
MDS-01445,rate_differs,64346.56,64061.47,285.09
MDS-01458,rate_differs,631488.94,558200.35,73288.59
MDS-01459,rate_differs,66346.85,65822.55,524.30
MDS-01483,rate_differs,126824.97,126801.31,23.66
MDS-01491,rate_differs,52388.64,52290.82,97.82
MDS-01499,qty_above_report,105290.22,104858.72,431.50
MDS-01534,rate_differs,91326.84,91334.96,-8.12
MDS-01556,rate_differs,264311.07,260421.77,3889.30
MDS-01601,rate_differs,97345.05,97067.88,277.17
MDS-01604,qty_above_report,159090.68,156476.84,2613.84
MDS-01619,outside_term;period_outside_term,174855.38,173958.79,896.59
MDS-01620,not_supported_by_report,130674.03,129846.55,827.48
MDS-01625,a3_adjustment_missing,226300.58,536266.10,-309965.52
MDS-01646,qty_above_report,159827.80,157721.96,2105.84
MDS-01651,qty_above_report,142266.99,140164.79,2102.20
MDS-01654,already_billed,243659.64,241553.80,2105.84
MDS-01670,qty_above_report,190964.40,189629.66,1334.74
MDS-01675,rate_differs,193116.05,192801.46,314.59
MDS-01725,not_supported_by_report,199382.94,196055.24,3327.70
MDS-01739,rate_differs,154046.89,153882.74,164.15
MDS-01751,qty_above_report,56961.42,55075.89,1885.53
MDS-01764,not_supported_by_report,1275023.84,1271829.25,3194.59
MDS-01782,not_supported_by_report,170317.60,166989.90,3327.70
MDS-01798,outside_term;period_outside_term,144795.24,141024.18,3771.06
MDS-01799,contract_ref_wrong,307550.39,307550.39,0.00
MDS-01818,rate_differs,114339.37,110808.30,3531.07
MDS-01823,rate_differs,57815.59,57501.00,314.59
MDS-01825,not_supported_by_report,191409.37,188081.67,3327.70
MDS-01860,outside_term;period_outside_term,138625.47,135826.02,2799.45
MDS-01877,qty_above_report,148839.88,148419.44,420.44
MDS-01878,rate_differs,251711.56,248513.13,3198.43
MDS-01887,not_supported_by_report,137467.44,116195.31,21272.13
MDS-01900,qty_above_report,128913.88,128073.00,840.88
