line_ref,code,date,report_ref,billed_qty,billed_rate,billed_amount,exp_qty,exp_rate,exp_amount,reasons
MDS-00042-058,RM-511,21-Jan-2025,DDR-194-20250121,1,1379.15,1379.15,1,689.58,689.58,rate_differs
MDS-00062-021,LW-410,26-Jan-2025,DDR-106-20250126,171,11.37,1944.27,125,11.37,1421.25,qty_above_report
MDS-00078-041,MW-320,02-Feb-2025,DDR-211-20250202,1,779.65,779.65,1,389.82,389.82,rate_differs
MDS-00121-043,MW-301,19-Feb-2025,DDR-002-20250219,2,1531.29,3062.58,2,1646.55,3293.10,rate_differs
MDS-00164-050,PD-201,04-Apr-2025,DDR-107-20250305,1,2094.85,2094.85,0,None,0,outside_invoice_period
MDS-00204-007,MW-310,16-Mar-2025,DDR-143-20250316,1,2953.29,2953.29,1,2610.07,2610.07,rate_differs
MDS-00214-011,MW-310,19-Mar-2025,DDR-178-20250319,1,2171.14,2171.14,1,2154.17,2154.17,rate_differs
MDS-00215-020,LW-412,20-Mar-2025,DDR-212-20250320,97,17.61,1708.17,97,13.29,1289.13,rate_differs
MDS-00287-082,RM-511,19-Apr-2025,DDR-054-20250419,1,1303.30,1303.30,0,1303.30,0,not_supported_by_report
MDS-00307-006,LH-712,21-Apr-2025,DDR-020-20250421,1,1225653.68,1225653.68,1,1225326.75,1225326.75,rate_differs
MDS-00310-042,LW-411,25-Apr-2025,DDR-108-20250425,124,16.83,2086.92,113,16.83,1901.79,qty_above_report
MDS-00320-016,MB-701,25-Apr-2025,DDR-054-20250425,1,18497.50,18497.50,0,18497.50,0,not_supported_by_report
MDS-00323-016,MW-310,27-Apr-2025,DDR-144-20250427,1,1315.32,1315.32,1,1148.75,1148.75,rate_differs
MDS-00332-013,PD-210,30-Apr-2025,DDR-020-20250430,101,76.45,7731.45,101,76.45,7721.45,amount_ne_qty_x_rate
MDS-00340-010,DD-101,03-May-2025,DDR-055-20250503,2,1477.88,2955.76,0,None,0,report_unsigned
MDS-00340-011,DD-102,03-May-2025,DDR-055-20250503,1,948.60,948.60,0,None,0,report_unsigned
MDS-00340-012,DD-110,03-May-2025,DDR-055-20250503,1,708.88,708.88,0,None,0,report_unsigned
MDS-00340-013,HC-601,03-May-2025,DDR-055-20250503,1,344.68,344.68,0,None,0,report_unsigned
MDS-00340-014,HC-620,03-May-2025,DDR-055-20250503,1,278.19,278.19,0,None,0,report_unsigned
MDS-00340-015,MW-301,03-May-2025,DDR-055-20250503,2,1317.24,2634.48,0,None,0,report_unsigned
MDS-00340-016,MW-310,03-May-2025,DDR-055-20250503,1,1534.00,1534.00,0,None,0,report_unsigned
MDS-00340-017,MW-330,03-May-2025,DDR-055-20250503,1,309.75,309.75,0,None,0,report_unsigned
MDS-00340-018,RM-520,03-May-2025,DDR-055-20250503,1,209.92,209.92,0,None,0,report_unsigned
MDS-00365-052,MW-310,15-May-2025,DDR-127-20250515,1,2245.85,2245.85,1,1157.74,1157.74,rate_differs
MDS-00388-005,HC-620,18-May-2025,DDR-162-20250518,1,559.08,559.08,1,556.38,556.38,rate_differs
MDS-00398-017,HC-620,24-May-2025,DDR-109-20250524,1,559.08,559.08,1,556.38,556.38,rate_differs
MDS-00406-015,RM-511,24-May-2025,DDR-127-20250524,1,1379.15,1345.15,1,1379.15,1379.15,amount_ne_qty_x_rate
MDS-00463-033,LH-712,16-Jun-2025,DDR-038-20250616,1,1138106.99,1138106.99,1,1136590.73,1136590.73,rate_differs
MDS-00476-051,MW-301,22-Jun-2025,DDR-074-20250622,2,1646.55,3293.10,0,1646.55,0,already_billed
MDS-00541-018,MW-301,09-Aug-2025,DDR-005-20250713,2,1646.55,3293.10,0,None,0,outside_invoice_period
MDS-00580-046,LW-401,29-Jul-2025,DDR-128-20250729,1,1898.45,1898.45,0,1898.45,0,already_billed
MDS-00586-039,PD-210,30-Jul-2025,DDR-022-20250730,92,98.70,9080.40,92,76.45,7033.40,rate_differs
MDS-00622-014,LW-401,13-Aug-2025,DDR-039-20250813,1,1898.45,1898.45,1,1518.76,1518.76,rate_differs
MDS-00626-067,HC-640,16-Aug-2025,DDR-199-20250816,1,719.55,719.55,0,None,0,not_supported_by_report
MDS-00635-037,MW-301,19-Aug-2025,DDR-039-20250819,2,1531.29,3062.58,2,1646.55,3293.10,rate_differs
MDS-00639-027,LH-713,20-Aug-2025,DDR-023-20250820,1,385000.00,385000.00,1,358050.00,358050.00,rate_differs
MDS-00643-015,MW-310,20-Aug-2025,DDR-094-20250820,1,3913.11,3913.11,1,3657.52,3657.52,rate_differs
MDS-00653-019,MW-310,25-Aug-2025,DDR-164-20250825,1,1314.20,1314.20,1,1390.69,1390.69,rate_differs
MDS-00700-022,LW-411,10-Sep-2025,DDR-094-20250910,140,19.78,2769.20,118,19.78,2334.04,qty_above_report
MDS-00732-034,MW-310,23-Sep-2025,DDR-200-20250923,1,2385.09,2385.09,1,2355.90,2355.90,rate_differs
MDS-00767-012,MW-330,01-Oct-2025,DDR-058-20251001,2,309.75,619.50,1,309.75,309.75,qty_above_report
MDS-00791-024,MW-310,12-Oct-2025,DDR-148-20251012,1,2245.85,2245.85,1,1192.54,1192.54,rate_differs
MDS-00799-009,MW-330,13-Oct-2025,DDR-165-20251013,2,309.75,619.50,1,309.75,309.75,qty_above_report
MDS-00804-009,MW-301,15-Oct-2025,DDR-217-20251015,2,1531.29,3062.58,2,1646.55,3293.10,rate_differs
MDS-00840-023,DD-121,30-Oct-2025,DDR-148-20251030,1,2893.65,2893.65,1,2984.00,2984.00,rate_differs
MDS-00842-001,DD-101,29-Oct-2025,DDR-218-20251029,2,1477.88,2955.76,0,None,0,report_unsigned
MDS-00842-002,DD-102,29-Oct-2025,DDR-218-20251029,1,948.60,948.60,0,None,0,report_unsigned
MDS-00842-003,DD-110,29-Oct-2025,DDR-218-20251029,1,708.88,708.88,0,None,0,report_unsigned
MDS-00842-004,HC-601,29-Oct-2025,DDR-218-20251029,1,359.90,359.90,0,None,0,report_unsigned
MDS-00842-005,HC-620,29-Oct-2025,DDR-218-20251029,1,286.56,286.56,0,None,0,report_unsigned
MDS-00842-006,MW-301,29-Oct-2025,DDR-218-20251029,2,1317.24,2634.48,0,None,0,report_unsigned
MDS-00842-007,MW-310,29-Oct-2025,DDR-218-20251029,1,1192.54,1192.54,0,None,0,report_unsigned
MDS-00842-008,MW-330,29-Oct-2025,DDR-218-20251029,1,309.75,309.75,0,None,0,report_unsigned
MDS-00842-009,RM-520,29-Oct-2025,DDR-218-20251029,1,209.92,209.92,0,None,0,report_unsigned
MDS-00856-039,RM-530,06-Nov-2025,DDR-059-20251106,7,264.55,1851.85,6,264.55,1587.30,qty_above_report
MDS-00864-075,RM-510,11-Nov-2025,DDR-218-20251111,245,38.45,9420.25,193,38.45,7420.85,qty_above_report
MDS-00876-062,LW-420,15-Nov-2025,DDR-201-20251115,1,2746.55,2746.55,0,None,0,part_D_absent
MDS-00895-051,MW-301,24-Dec-2025,DDR-025-20251121,2,1646.55,3293.10,0,None,0,outside_invoice_period
MDS-00901-016,DD-101,22-Nov-2025,DDR-149-20251122,2,1847.35,3694.70,0,None,0,report_unsigned
MDS-00901-017,DD-102,22-Nov-2025,DDR-149-20251122,1,948.60,948.60,0,None,0,report_unsigned
MDS-00901-018,DD-120,22-Nov-2025,DDR-149-20251122,19,528.01,10032.19,0,None,0,report_unsigned
MDS-00901-019,HC-620,22-Nov-2025,DDR-149-20251122,1,577.97,577.97,0,None,0,report_unsigned
MDS-00901-020,HC-640,22-Nov-2025,DDR-149-20251122,1,719.55,719.55,0,None,0,report_unsigned
MDS-00901-021,MW-301,22-Nov-2025,DDR-149-20251122,2,1646.55,3293.10,0,None,0,report_unsigned
MDS-00901-022,MW-310,22-Nov-2025,DDR-149-20251122,1,3187.04,3187.04,0,None,0,report_unsigned
MDS-00901-023,MW-320,22-Nov-2025,DDR-149-20251122,1,1033.04,1033.04,0,None,0,report_unsigned
MDS-00901-024,MW-330,22-Nov-2025,DDR-149-20251122,1,309.75,309.75,0,None,0,report_unsigned
MDS-00901-025,PD-201,22-Nov-2025,DDR-149-20251122,1,2094.85,2094.85,0,None,0,report_unsigned
MDS-00901-026,PD-210,22-Nov-2025,DDR-149-20251122,124,58.15,7210.60,0,None,0,report_unsigned
MDS-00901-027,PD-220,22-Nov-2025,DDR-149-20251122,1,1148.35,1148.35,0,None,0,report_unsigned
MDS-00901-028,PD-230,22-Nov-2025,DDR-149-20251122,1,639.15,639.15,0,None,0,report_unsigned
MDS-00901-029,RM-510,22-Nov-2025,DDR-149-20251122,124,38.45,4767.80,0,None,0,report_unsigned
MDS-00901-030,RM-511,22-Nov-2025,DDR-149-20251122,1,1379.15,1379.15,0,None,0,report_unsigned
MDS-00954-021,DD-130,11-Dec-2025,DDR-009-20251211,1,2446.15,2446.15,0,None,0,part_C_absent
MDS-00975-005,LH-713,16-Dec-2025,DDR-096-20251216,1,315868.46,315868.46,1,315279.63,315279.63,rate_differs
MDS-00977-053,PD-210,21-Dec-2025,DDR-167-20251221,88,89.83,7905.04,88,76.45,6727.60,rate_differs
MDS-00978-026,LH-711,20-Dec-2025,DDR-009-20251220,1,145000.00,145000.00,1,133222.37,133222.37,rate_differs
MDS-00979-034,MW-310,21-Dec-2025,DDR-079-20251221,1,2953.29,2953.29,1,2777.22,2777.22,rate_differs
MDS-00991-021,RM-510,23-Dec-2025,DDR-132-20251223,210,38.45,8074.50,191,38.45,7343.95,qty_above_report
MDS-01043-030,RM-511,10-Jan-2026,DDR-168-20260110,1,1579.13,1579.13,0,1579.13,0,not_supported_by_report
MDS-01044-025,MW-320,11-Jan-2026,DDR-009-20260111,1,779.65,773.65,1,779.65,779.65,amount_ne_qty_x_rate
MDS-01047-030,LW-410,13-Jan-2026,DDR-185-20260113,106,13.36,1416.16,97,13.36,1295.92,qty_above_report
MDS-01050-019,LH-714,14-Jan-2026,DDR-097-20260114,1,509871.93,509871.93,1,508244.68,508244.68,rate_differs
MDS-01086-025,MW-310,27-Jan-2026,DDR-061-20260127,1,2571.50,2571.50,1,2454.71,2454.71,rate_differs
MDS-01089-032,LH-712,28-Jan-2026,DDR-010-20260128,1,1213147.01,1213147.01,1,1209275.26,1209275.26,rate_differs
MDS-01137-028,MW-301,14-Feb-2026,DDR-169-20260214,2,1646.55,3293.10,2,1708.00,3416.00,rate_differs
MDS-01183-041,HC-640,28-Feb-2026,DDR-151-20260228,1,719.55,719.55,0,None,0,not_supported_by_report
MDS-01265-028,PD-201,30-Mar-2026,DDR-134-20260330,2,2094.85,4189.70,1,2094.85,2094.85,qty_above_report
MDS-01268-014,RM-511,30-Mar-2026,DDR-221-20260330,1,1220.55,1220.55,0,1220.55,0,not_supported_by_report
MDS-01273-044,LW-401,05-Apr-2026,DDR-028-20260405,1,1898.45,1898.45,1,1890.24,1890.24,rate_differs
MDS-01302-031,MW-310,12-Apr-2026,DDR-045-20260412,1,1389.02,1389.02,1,1469.86,1469.86,rate_differs
MDS-01313-024,PD-210,16-Apr-2026,DDR-081-20260416,195,98.70,19246.50,195,76.45,14907.75,rate_differs
MDS-01338-026,RM-530,25-Apr-2026,DDR-029-20260425,5,264.55,1322.75,4,264.55,1058.20,qty_above_report
MDS-01341-016,MW-310,26-Apr-2026,DDR-118-20260426,3,2864.65,8593.95,1,2864.65,2864.65,qty_above_report
MDS-01342-017,MW-301,26-Apr-2026,DDR-222-20260426,2,1708.00,3416.00,2,1639.68,3279.36,rate_differs
MDS-01373-016,LW-401,07-May-2026,DDR-222-20260507,2,1890.24,3780.48,1,1890.24,1890.24,qty_above_report
MDS-01387-037,PD-210,13-May-2026,DDR-153-20260513,166,77.05,12790.30,166,58.15,9652.90,rate_differs
MDS-01393-036,LW-420,15-May-2026,DDR-029-20260515,1,2746.55,2746.55,0,None,0,part_D_absent
MDS-01415-045,MW-310,25-May-2026,DDR-223-20260525,1,3407.24,3407.24,1,2851.79,2851.79,rate_differs
MDS-01416-007,MW-310,21-May-2026,DDR-171-20260521,1,3021.51,3021.51,1,2926.51,2926.51,rate_differs
MDS-01424-048,HC-640,24-May-2026,DDR-171-20260524,1,719.55,719.55,0,None,0,not_supported_by_report
MDS-01427-031,LW-401,27-May-2026,DDR-082-20260527,1,1898.45,1898.45,1,1890.24,1890.24,rate_differs
MDS-01438-039,MB-701,30-May-2026,DDR-171-20260530,1,18497.50,18497.50,0,17757.60,0,not_supported_by_report
MDS-01445-015,LW-410,01-Jun-2026,DDR-118-20260601,67,15.07,1009.69,67,11.37,761.79,rate_differs
MDS-01458-040,LH-713,08-Jun-2026,DDR-064-20260608,1,385000.00,385000.00,1,318615.40,318615.40,rate_differs
MDS-01459-028,MW-310,08-Jun-2026,DDR-013-20260608,1,2975.75,2975.75,1,2519.84,2519.84,rate_differs
MDS-01483-058,MW-310,20-Jun-2026,DDR-119-20260620,1,2905.79,2905.79,1,2885.22,2885.22,rate_differs
MDS-01491-003,DD-110,17-Jun-2026,DDR-188-20260617,1,1339.77,1339.77,1,1254.71,1254.71,rate_differs
MDS-01499-038,LW-410,23-Jun-2026,DDR-223-20260623,121,11.37,1375.77,88,11.37,1000.56,qty_above_report
MDS-01534-016,MW-310,02-Jul-2026,DDR-207-20260702,1,3407.24,3407.24,1,3414.30,3414.30,rate_differs
MDS-01556-057,PD-210,12-Jul-2026,DDR-065-20260712,152,98.70,15002.40,152,76.45,11620.40,rate_differs
MDS-01601-023,DD-110,28-Jul-2026,DDR-031-20260728,1,1864.34,1864.34,1,1623.32,1623.32,rate_differs
MDS-01604-055,DD-120,01-Aug-2026,DDR-084-20260801,20,454.58,9091.60,15,454.58,6818.70,qty_above_report
MDS-01619-045,MW-320,13-Jan-2027,DDR-173-20260804,1,779.65,779.65,0,None,0,outside_term
MDS-01620-054,HC-640,06-Aug-2026,DDR-048-20260806,1,719.55,719.55,0,None,0,not_supported_by_report
MDS-01646-054,LW-401,15-Aug-2026,DDR-084-20260815,2,1831.17,3662.34,1,1831.17,1831.17,qty_above_report
MDS-01651-025,DD-120,15-Aug-2026,DDR-120-20260815,14,365.60,5118.40,9,365.60,3290.40,qty_above_report
MDS-01654-078,LW-401,20-Aug-2026,DDR-031-20260820,1,1831.17,1831.17,0,1831.17,0,already_billed
MDS-01670-038,DD-120,23-Aug-2026,DDR-190-20260823,24,386.88,9285.12,21,386.88,8124.48,qty_above_report
MDS-01675-046,DD-101,24-Aug-2026,DDR-208-20260824,2,1954.00,3908.00,2,1817.22,3634.44,rate_differs
MDS-01725-062,DD-121,11-Sep-2026,DDR-156-20260911,1,2893.65,2893.65,0,None,0,not_supported_by_report
MDS-01739-041,DD-120,15-Sep-2026,DDR-225-20260915,13,376.58,4895.54,13,365.60,4752.80,rate_differs
MDS-01751-010,MW-301,16-Sep-2026,DDR-225-20260916,3,1639.59,4918.77,2,1639.59,3279.18,qty_above_report
MDS-01764-027,DD-121,21-Sep-2026,DDR-067-20260921,1,2893.65,2893.65,0,None,0,not_supported_by_report
MDS-01782-055,DD-121,01-Oct-2026,DDR-032-20261001,1,2893.65,2893.65,0,None,0,not_supported_by_report
MDS-01798-045,MW-301,23-Jan-2027,DDR-104-20261007,2,1639.59,3279.18,0,None,0,outside_term
MDS-01818-027,PD-210,11-Oct-2026,DDR-226-20261011,138,98.70,13620.60,138,76.45,10550.10,rate_differs
MDS-01823-019,DD-101,14-Oct-2026,DDR-122-20261014,2,1954.00,3908.00,2,1817.22,3634.44,rate_differs
MDS-01825-061,DD-121,13-Oct-2026,DDR-226-20261013,1,2893.65,2893.65,0,None,0,not_supported_by_report
MDS-01860-039,MW-310,12-Jan-2027,DDR-226-20261026,1,2434.31,2434.31,0,None,0,outside_term
MDS-01877-046,DD-120,04-Nov-2026,DDR-086-20261104,20,365.60,7312.00,19,365.60,6946.40,qty_above_report
MDS-01878-014,PD-210,31-Oct-2026,DDR-050-20261031,125,98.70,12337.50,125,76.45,9556.25,rate_differs
MDS-01887-049,MB-701,04-Nov-2026,DDR-192-20261104,1,18497.50,18497.50,0,17890.41,0,not_supported_by_report
MDS-01900-016,DD-120,15-Nov-2026,DDR-033-20261115,21,365.60,7677.60,19,365.60,6946.40,qty_above_report
