kind,scenario,lines_amount_changed,invoices_expected_total_changed,invoices_flagged,newly_flagged,no_longer_flagged,invoices_expected_ne_billed,a3_adjustment,expected_total_cents_changes
material,"A3 carrier: strictly after issue (A3 text), first by invoice number",0,2,120,MDS-01585,MDS-01625,111,309965.52 on MDS-01585,MDS-01585: 11532214 -> 42528766; MDS-01625: 53626610 -> 22630058
material,A3 carrier: MDS-01631 (another invoice tied on 2026-08-18),0,2,120,MDS-01631,MDS-01625,111,309965.52 on MDS-01631,MDS-01625: 53626610 -> 22630058; MDS-01631: 9162794 -> 40159346
material,A3 carrier: MDS-01645 (another invoice tied on 2026-08-18),0,2,120,MDS-01645,MDS-01625,111,309965.52 on MDS-01645,MDS-01625: 53626610 -> 22630058; MDS-01645: 13184763 -> 44181315
material,A3 adjustment separate from invoice_total (flag only),0,1,120,,,110,309965.52 on MDS-01625,MDS-01625: 53626610 -> 22630058
material,"A3 adjustment inside net, so VAT charged on it",0,1,120,,,111,309965.52 on MDS-01625,MDS-01625: 53626610 -> 58276092
material,A3 difference measured on billed quantity,0,0,120,,,111,309965.52 on MDS-01625,
material,Unsigned report: only Clause 37 (Schedule 5) codes unpayable,32,3,120,,,109,309965.52 on MDS-01625,MDS-00340: 9215157 -> 10356447; MDS-00842: 4942549 -> 6047284; MDS-00901: 10426944 -> 14597769
material,"Unsigned report: flag only, amounts kept",33,3,120,,,108,309965.52 on MDS-01625,MDS-00340: 9215157 -> 10356447; MDS-00842: 4942549 -> 6047284; MDS-00901: 10426944 -> 15146066
material,"PD-210 on every 12-1/4""/8-1/2"" Operating day",0,0,120,,,111,309965.52 on MDS-01625,
material,PD-210 only with 'bit and reamer' in the hole,1261,367,464,MDS-00043;MDS-00054;MDS-00057;MDS-00061;MDS-00063;MDS-00066;MDS-00070;MDS-00074;MDS-00075;MDS-00076;MDS-00077;MDS-00083;MDS-00085;MDS-00087;MDS-00089;MDS-00093;MDS-00094;MDS-00102;MDS-00103;MDS-00105 (+324 more),,456,309965.52 on MDS-01625,MDS-00043: 18981336 -> 17627407; MDS-00054: 14748298 -> 11970105; MDS-00057: 15460809 -> 14370632; MDS-00061: 18423748 -> 15768639; MDS-00062: 13398351 -> 10250904; MDS-00063: 17618558 -> 16291004; MDS-00066: 29127903 -> 20942855; MDS-00070: 20851268 -> 16701562 (+359 more)
material,"Evidence day from report_ref, not service_date",8,8,119,MDS-00128;MDS-01352,MDS-00164;MDS-00541;MDS-00895,107,309965.52 on MDS-01625,MDS-00128: 5562596 -> 5183890; MDS-00164: 21806386 -> 22047294; MDS-00541: 7021989 -> 7400695; MDS-00895: 27366881 -> 27745588; MDS-01352: 12808864 -> 12762414; MDS-01619: 17395879 -> 17485538; MDS-01798: 14102418 -> 14479524; MDS-01860: 13582602 -> 13862547
material,Clause 21A once per BHA run (first day),7,7,117,,MDS-00856;MDS-01338;MDS-01877,108,309965.52 on MDS-01625,MDS-00856: 9710026 -> 9740449; MDS-01338: 15018511 -> 15048934; MDS-01604: 15647684 -> 15699961; MDS-01651: 14016479 -> 14058523; MDS-01670: 18962966 -> 19007458; MDS-01877: 14841944 -> 14883988; MDS-01900: 12807300 -> 12849344
material,"Clause 21 minimum applied before 21A (max(h,6)-1)",0,0,120,,,111,309965.52 on MDS-01625,
material,No Clause 25A metre tolerance,0,0,120,,,111,309965.52 on MDS-01625,
material,Rate discount folded into the standby step's rounding,0,0,120,,,111,309965.52 on MDS-01625,
rejected,Section factor kept on Standby (Clause 18 literal),402,240,338,MDS-00005;MDS-00021;MDS-00023;MDS-00033;MDS-00054;MDS-00067;MDS-00081;MDS-00085;MDS-00096;MDS-00099;MDS-00107;MDS-00111;MDS-00116;MDS-00126;MDS-00135;MDS-00143;MDS-00162;MDS-00165;MDS-00167;MDS-00169 (+200 more),MDS-00653;MDS-01302,330,309965.52 on MDS-01625,MDS-00005: 11728473 -> 11759018; MDS-00021: 8929204 -> 8963025; MDS-00023: 6825988 -> 6859810; MDS-00033: 10038621 -> 10069167; MDS-00054: 14748298 -> 14741196; MDS-00067: 10159250 -> 10152147; MDS-00078: 13621284 -> 13614132; MDS-00081: 11403947 -> 11394470 (+232 more)
rejected,Class factor on PD-210 (Schedule 2 note),940,248,351,MDS-00029;MDS-00035;MDS-00040;MDS-00047;MDS-00048;MDS-00049;MDS-00061;MDS-00063;MDS-00065;MDS-00075;MDS-00076;MDS-00077;MDS-00087;MDS-00089;MDS-00093;MDS-00102;MDS-00105;MDS-00123;MDS-00138;MDS-00145 (+211 more),,343,309965.52 on MDS-01625,MDS-00029: 13729683 -> 14355651; MDS-00035: 10135401 -> 10381248; MDS-00040: 19714123 -> 21194277; MDS-00047: 20891727 -> 21809360; MDS-00048: 13377063 -> 13761773; MDS-00049: 21799280 -> 23777809; MDS-00061: 18423748 -> 19529697; MDS-00063: 17618558 -> 18220189 (+240 more)
rejected,No Rig Services Index (Appendix B),15635,1836,1839,MDS-00071;MDS-00073;MDS-00074;MDS-00075;MDS-00076;MDS-00077;MDS-00079;MDS-00080;MDS-00081;MDS-00082;MDS-00083;MDS-00084;MDS-00085;MDS-00086;MDS-00087;MDS-00088;MDS-00089;MDS-00090;MDS-00091;MDS-00092 (+1699 more),,1838,309965.52 on MDS-01625,MDS-00071: 15503201 -> 15500759; MDS-00072: 145503784 -> 145499479; MDS-00073: 19886152 -> 19881269; MDS-00074: 21357170 -> 21355027; MDS-00075: 24843394 -> 24838000; MDS-00076: 18842364 -> 18837481; MDS-00077: 27568180 -> 27557126; MDS-00078: 13621284 -> 13615877 (+1828 more)
rejected,Latest effective date governs (S2 monthly beats A3),778,213,310,MDS-01594;MDS-01596;MDS-01599;MDS-01600;MDS-01603;MDS-01606;MDS-01607;MDS-01608;MDS-01615;MDS-01617;MDS-01621;MDS-01622;MDS-01623;MDS-01626;MDS-01627;MDS-01630;MDS-01632;MDS-01633;MDS-01634;MDS-01635 (+170 more),,302,267413.59 on MDS-01625,MDS-01594: 13185018 -> 13219456; MDS-01596: 16023044 -> 16071431; MDS-01599: 54068863 -> 54081532; MDS-01600: 22924330 -> 22998764; MDS-01603: 14258857 -> 14298711; MDS-01604: 15647684 -> 15691603; MDS-01606: 12069774 -> 12129556; MDS-01607: 21650367 -> 21711949 (+205 more)
rejected,A3 also reprices pre-issue invoices,3309,512,602,MDS-01092;MDS-01094;MDS-01095;MDS-01096;MDS-01098;MDS-01099;MDS-01100;MDS-01102;MDS-01103;MDS-01104;MDS-01105;MDS-01106;MDS-01107;MDS-01108;MDS-01109;MDS-01110;MDS-01111;MDS-01112;MDS-01113;MDS-01114 (+463 more),MDS-01625,594,0.00 on MDS-01625,MDS-01092: 8531462 -> 8540087; MDS-01094: 14248717 -> 14265967; MDS-01095: 15648809 -> 15813360; MDS-01096: 18805803 -> 18846764; MDS-01098: 13035757 -> 13078595; MDS-01099: 15054076 -> 15122106; MDS-01100: 9619022 -> 9644897; MDS-01102: 15507993 -> 15551118 (+504 more)
rejected,Lost in hole at Schedule 6 USD,47,47,157,MDS-00251;MDS-00292;MDS-00383;MDS-00425;MDS-00429;MDS-00515;MDS-00574;MDS-00703;MDS-00773;MDS-00838;MDS-00853;MDS-00911;MDS-00937;MDS-00950;MDS-00968;MDS-01001;MDS-01139;MDS-01167;MDS-01259;MDS-01276 (+17 more),,148,309965.52 on MDS-01625,MDS-00251: 28949209 -> 28945024; MDS-00282: 52129825 -> 52119055; MDS-00292: 137664149 -> 137632124; MDS-00307: 152577114 -> 152541040; MDS-00383: 72061816 -> 72091500; MDS-00425: 54178125 -> 54204286; MDS-00429: 47530103 -> 47556603; MDS-00463: 137661489 -> 137761872 (+39 more)
rejected,Round half up,878,414,498,MDS-00003;MDS-00005;MDS-00021;MDS-00022;MDS-00023;MDS-00026;MDS-00033;MDS-00041;MDS-00043;MDS-00044;MDS-00045;MDS-00047;MDS-00052;MDS-00054;MDS-00059;MDS-00064;MDS-00065;MDS-00067;MDS-00085;MDS-00096 (+358 more),,490,309953.22 on MDS-01625,MDS-00003: 11583616 -> 11583617; MDS-00005: 11728473 -> 11728476; MDS-00021: 8929204 -> 8929206; MDS-00022: 20637516 -> 20637523; MDS-00023: 6825988 -> 6825991; MDS-00026: 8860048 -> 8860049; MDS-00033: 10038621 -> 10038625; MDS-00041: 11225368 -> 11225369 (+406 more)
rejected,Clause 21A off,7,7,117,,MDS-00856;MDS-01338;MDS-01877,108,309965.52 on MDS-01625,MDS-00856: 9710026 -> 9740449; MDS-01338: 15018511 -> 15048934; MDS-01604: 15647684 -> 15699961; MDS-01651: 14016479 -> 14058523; MDS-01670: 18962966 -> 19007458; MDS-01877: 14841944 -> 14883988; MDS-01900: 12807300 -> 12849344
rejected,"LWD words read literally, not by Appendix G",2964,881,947,MDS-00043;MDS-00054;MDS-00055;MDS-00057;MDS-00061;MDS-00063;MDS-00066;MDS-00067;MDS-00068;MDS-00069;MDS-00070;MDS-00071;MDS-00073;MDS-00074;MDS-00075;MDS-00076;MDS-00077;MDS-00079;MDS-00080;MDS-00081 (+807 more),,941,309965.52 on MDS-01625,MDS-00043: 18981336 -> 18745971; MDS-00054: 14748298 -> 14265339; MDS-00055: 10259149 -> 9866252; MDS-00057: 15460809 -> 15271294; MDS-00061: 18423748 -> 17812152; MDS-00062: 13398351 -> 12851202; MDS-00063: 17618558 -> 17347316; MDS-00066: 29127903 -> 27783417 (+873 more)
rejected,Daily limits not applied,0,0,120,,,111,309965.52 on MDS-01625,
rejected,Rate discount folded into any preceding step's rounding,214,67,180,MDS-01361;MDS-01389;MDS-01414;MDS-01436;MDS-01442;MDS-01447;MDS-01451;MDS-01454;MDS-01456;MDS-01463;MDS-01469;MDS-01472;MDS-01474;MDS-01475;MDS-01480;MDS-01486;MDS-01487;MDS-01495;MDS-01506;MDS-01539 (+40 more),,171,309948.59 on MDS-01625,MDS-01361: 13869860 -> 13869935; MDS-01373: 17559519 -> 17559611; MDS-01389: 5485339 -> 5485349; MDS-01414: 13285811 -> 13285890; MDS-01427: 11055715 -> 11055772; MDS-01436: 138960948 -> 138961025; MDS-01438: 11148642 -> 11148699; MDS-01442: 11312573 -> 11312593 (+59 more)
