line_ref,invoice_no,service_date,code,section_billed,status_billed,depths,report,report_ref,section_report,status_report,billed_qty,billed_rate,billed_amount,supported_qty,evidence_basis,paid_qty,expected_rate,rate_build_up,expected_amount,billed_minus_expected,expected_amount_cents,billed_amount_cents,reasons,categories,clauses,diagnosis,notes,warnings,policy
MDS-00042-058,MDS-00042,2025-01-21,RM-511,"12-1/4""",Standby,,DDR_NGP-BD-194_20250121.txt,DDR-194-20250121,"12-1/4""",Standby,1,1379.15,1379.15,1,tool in the hole (Cl 28),1,689.58,1379.15 [Sch.1 p.15-16] -> standby -> 689.58,689.58,689.57,68958,137915,rate_differs,standby_rate_wrong,Cl 17-18 p.6; Part IX p.35; Schedules 1-3; instruments pp.37-42,standby percentage ignored,billed rate reproduced by: standby percentage ignored,,
MDS-00062-021,MDS-00062,2025-01-26,LW-410,"8-1/2""",Operating,,DDR_NGP-WS-106_20250126.txt,DDR-106-20250126,"8-1/2""",Operating,171,11.37,1944.27,125,"metres drilled 3541-3666 m, tool in the hole (Cl 24)",125,11.37,11.37 [Sch.1 p.15-16] -> class Standard -> 11.37,1421.25,523.02,142125,194427,qty_above_report,qty_above_record,Cl 21-30 pp.6-7; Cl 25A p.35; guideline check 5,,"billed 171, report supports 125",,
MDS-00078-041,MDS-00078,2025-02-02,MW-320,"8-1/2""",Standby,,DDR_NGP-WS-211_20250202.txt,DDR-211-20250202,"8-1/2""",Standby,1,779.65,779.65,1,tool in the hole (Cl 28),1,389.82,779.65 [Sch.1 p.15-16] -> class Standard -> 779.65 -> standby -> 389.82,389.82,389.83,38982,77965,rate_differs,standby_rate_wrong,Cl 17-18 p.6; Part IX p.35; Schedules 1-3; instruments pp.37-42,standby percentage ignored,billed rate reproduced by: standby percentage ignored,,
MDS-00121-043,MDS-00121,2025-02-19,MW-301,"17-1/2""",Operating,,DDR_NGP-QA-002_20250219.txt,DDR-002-20250219,"17-1/2""",Operating,2,1531.29,3062.58,2,Crew on tour: 2 (Cl 22),2,1646.55,1646.55 [Sch.1 p.15-16],3293.10,-230.52,329310,306258,rate_differs,discount_early,Cl 17-18 p.6; Part IX p.35; Schedules 1-3; instruments pp.37-42,rate discount 0.07 taken before it started,billed rate reproduced by: rate discount 0.07 taken before it started,,
MDS-00164-050,MDS-00164,2025-04-04,PD-201,"12-1/4""",Operating,,,DDR-107-20250305,,,1,2094.85,2094.85,,,0,,,0,2094.85,0,209485,outside_invoice_period,line_outside_period,Cl 32 p.8,,2025-04-04 outside the invoice period 2025-03-02..2025-03-06,report_ref DDR-107-20250305 is not the number of the 2025-04-04 report (Cl 19A),
MDS-00204-007,MDS-00204,2025-03-16,MW-310,"17-1/2""",Operating,,DDR_NGP-WS-143_20250316.txt,DDR-143-20250316,"17-1/2""",Operating,1,2953.29,2953.29,1,tool in the hole (Cl 28),1,2610.07,"2245.85 [Sch.1 p.15-16] -> index 101.50 -> 2279.54 -> section 17-1/2"" -> 2610.07 -> class Standard -> 2610.07",2610.07,343.22,261007,295329,rate_differs,index_or_fx_month_wrong,Cl 17-18 p.6; Part IX p.35; Schedules 1-3; instruments pp.37-42,"MW-310: index of 2025-01; section 26""","billed rate reproduced by: MW-310: index of 2025-01; section 26""; MW-310: index omitted; section 26""",,
MDS-00214-011,MDS-00214,2025-03-19,MW-310,"8-1/2""",Operating,,DDR_NGP-QA-178_20250319.txt,DDR-178-20250319,"8-1/2""",Operating,1,2171.14,2171.14,1,tool in the hole (Cl 28),1,2154.17,"2245.85 [Sch.1 p.15-16] -> index 101.50 -> 2279.54 -> section 8-1/2"" -> 2154.17 -> class Standard -> 2154.17",2154.17,16.97,215417,217114,rate_differs,index_or_fx_month_wrong,Cl 17-18 p.6; Part IX p.35; Schedules 1-3; instruments pp.37-42,MW-310: index of 2025-04,billed rate reproduced by: MW-310: index of 2025-04; index of the next month,,
MDS-00215-020,MDS-00215,2025-03-20,LW-412,"8-1/2""",Operating,,DDR_NGP-WS-212_20250320.txt,DDR-212-20250320,"8-1/2""",Operating,97,17.61,1708.17,97,"metres drilled 4031-4128 m, tool in the hole (Cl 24)",97,13.29,13.29 [Sch.1 p.15-16] -> class Standard -> 13.29,1289.13,419.04,128913,170817,rate_differs,class_factor_wrong,Cl 17-18 p.6; Part IX p.35; Schedules 1-3; instruments pp.37-42,class factor of HPHT,billed rate reproduced by: class factor of HPHT,,
MDS-00287-082,MDS-00287,2025-04-19,RM-511,"8-1/2""",Operating,,DDR_NGP-QA-054_20250419.txt,DDR-054-20250419,"8-1/2""",Operating,1,1303.30,1303.30,,not recorded,0,,,0,1303.30,0,130330,not_supported_by_report,charge_not_in_record,Cl 20-31 pp.6-7; App. G p.36; guideline 2,,"DDR_NGP-QA-054_20250419.txt (Operating, 8-1/2"") supports no RM-511; its words do not record the service",,
MDS-00307-006,MDS-00307,2025-04-21,LH-712,"12-1/4""",Operating,,DDR_NGP-BD-020_20250421.txt,DDR-020-20250421,"12-1/4""",Operating,1,1225653.68,1225653.68,1,Part E: rotary steerable lost (Cl 31),1,1225326.75,"SAR 4687500.00 / 374.90 halalas (2025-04) -> 1250333.42 [Sch.2D p.19, 31A] -> depreciation 2% (57 h) -> 1225326.75 [Cl 31 p.7]",1225326.75,326.93,122532675,122565368,rate_differs,index_or_fx_month_wrong,Cl 17-18 p.6; Part IX p.35; Schedules 1-3; instruments pp.37-42,lost in hole converted at the 2025-09 exchange rate,billed rate reproduced by: lost in hole converted at the 2025-09 exchange rate,,
MDS-00310-042,MDS-00310,2025-04-25,LW-411,"8-1/2""",Operating,,DDR_NGP-HA-108_20250425.txt,DDR-108-20250425,"8-1/2""",Operating,124,16.83,2086.92,113,"metres drilled 3934-4047 m, tool in the hole (Cl 24)",113,16.83,16.83 [Sch.1 p.15-16] -> class Standard -> 16.83,1901.79,185.13,190179,208692,qty_above_report,qty_above_record,Cl 21-30 pp.6-7; Cl 25A p.35; guideline check 5,,"billed 124, report supports 113",,
MDS-00320-016,MDS-00320,2025-04-25,MB-701,"8-1/2""",Operating,,DDR_NGP-QA-054_20250425.txt,DDR-054-20250425,"8-1/2""",Operating,1,18497.50,18497.50,,not recorded,0,,,0,18497.50,0,1849750,not_supported_by_report,charge_not_in_record,Cl 20-31 pp.6-7; App. G p.36; guideline 2,,"DDR_NGP-QA-054_20250425.txt (Operating, 8-1/2"") supports no MB-701; its words do not record the service",,
MDS-00323-016,MDS-00323,2025-04-27,MW-310,"17-1/2""",Standby,,DDR_NGP-QA-144_20250427.txt,DDR-144-20250427,"17-1/2""",Standby,1,1315.32,1315.32,1,tool in the hole (Cl 28),1,1148.75,2245.85 [Sch.1 p.15-16] -> index 102.30 -> 2297.50 -> class Standard -> 2297.50 -> standby -> 1148.75,1148.75,166.57,114875,131532,rate_differs,section_factor_wrong,Cl 17-18 p.6; Part IX p.35; Schedules 1-3; instruments pp.37-42,"MW-310: section 17-1/2""","billed rate reproduced by: MW-310: section 17-1/2""; section factor applied on a Standby day",,
MDS-00332-013,MDS-00332,2025-04-30,PD-210,"8-1/2""",Operating,3644-3745,DDR_NGP-BD-020_20250430.txt,DDR-020-20250430,"8-1/2""",Operating,101,76.45,7731.45,101,metres drilled 3644-3745 m on a performance-drilled day (Cl 23),101,76.45,"Sch.2 band 3644-3745 m: 76.45 [p.17] -> 101 m x 76.45 (band 76.45, volume 100%)",7721.45,10.00,772145,773145,amount_ne_qty_x_rate,line_arithmetic,Cl 18 p.6,,"101 x 76.45 = 7721.45, billed 7731.45",,pd210_rule=perf_engineer
MDS-00340-010,MDS-00340,2025-05-03,DD-101,"17-1/2""",Standby,,DDR_NGP-WS-055_20250503.txt,DDR-055-20250503,"17-1/2""",Standby,2,1477.88,2955.76,,,0,,,0,2955.76,0,295576,report_unsigned,record_not_signed,Cl 15 p.5; Cl 37 p.8; guideline check 4,,"DDR_NGP-WS-055_20250503.txt lacks: Signed (Company Representative), Signed (lead directional driller) (policy zero_day)",,unsigned_policy=zero_day
MDS-00340-011,MDS-00340,2025-05-03,DD-102,"17-1/2""",Standby,,DDR_NGP-WS-055_20250503.txt,DDR-055-20250503,"17-1/2""",Standby,1,948.60,948.60,,,0,,,0,948.60,0,94860,report_unsigned,record_not_signed,Cl 15 p.5; Cl 37 p.8; guideline check 4,,"DDR_NGP-WS-055_20250503.txt lacks: Signed (Company Representative), Signed (lead directional driller) (policy zero_day)",,unsigned_policy=zero_day
MDS-00340-012,MDS-00340,2025-05-03,DD-110,"17-1/2""",Standby,,DDR_NGP-WS-055_20250503.txt,DDR-055-20250503,"17-1/2""",Standby,1,708.88,708.88,,,0,,,0,708.88,0,70888,report_unsigned,record_not_signed,Cl 15 p.5; Cl 37 p.8; guideline check 4,,"DDR_NGP-WS-055_20250503.txt lacks: Signed (Company Representative), Signed (lead directional driller) (policy zero_day)",,unsigned_policy=zero_day
MDS-00340-013,MDS-00340,2025-05-03,HC-601,"17-1/2""",Standby,,DDR_NGP-WS-055_20250503.txt,DDR-055-20250503,"17-1/2""",Standby,1,344.68,344.68,,,0,,,0,344.68,0,34468,report_unsigned,record_not_signed,Cl 15 p.5; Cl 37 p.8; guideline check 4,,"DDR_NGP-WS-055_20250503.txt lacks: Signed (Company Representative), Signed (lead directional driller) (policy zero_day)",,unsigned_policy=zero_day
MDS-00340-014,MDS-00340,2025-05-03,HC-620,"17-1/2""",Standby,,DDR_NGP-WS-055_20250503.txt,DDR-055-20250503,"17-1/2""",Standby,1,278.19,278.19,,,0,,,0,278.19,0,27819,report_unsigned,record_not_signed,Cl 15 p.5; Cl 37 p.8; guideline check 4,,"DDR_NGP-WS-055_20250503.txt lacks: Signed (Company Representative), Signed (lead directional driller) (policy zero_day)",,unsigned_policy=zero_day
MDS-00340-015,MDS-00340,2025-05-03,MW-301,"17-1/2""",Standby,,DDR_NGP-WS-055_20250503.txt,DDR-055-20250503,"17-1/2""",Standby,2,1317.24,2634.48,,,0,,,0,2634.48,0,263448,report_unsigned,record_not_signed,Cl 15 p.5; Cl 37 p.8; guideline check 4,,"DDR_NGP-WS-055_20250503.txt lacks: Signed (Company Representative), Signed (lead directional driller) (policy zero_day)",,unsigned_policy=zero_day
MDS-00340-016,MDS-00340,2025-05-03,MW-310,"17-1/2""",Standby,,DDR_NGP-WS-055_20250503.txt,DDR-055-20250503,"17-1/2""",Standby,1,1534.00,1534.00,,,0,,,0,1534.00,0,153400,report_unsigned,record_not_signed,Cl 15 p.5; Cl 37 p.8; guideline check 4,,"DDR_NGP-WS-055_20250503.txt lacks: Signed (Company Representative), Signed (lead directional driller) (policy zero_day)",,unsigned_policy=zero_day
MDS-00340-017,MDS-00340,2025-05-03,MW-330,"17-1/2""",Standby,,DDR_NGP-WS-055_20250503.txt,DDR-055-20250503,"17-1/2""",Standby,1,309.75,309.75,,,0,,,0,309.75,0,30975,report_unsigned,record_not_signed,Cl 15 p.5; Cl 37 p.8; guideline check 4,,"DDR_NGP-WS-055_20250503.txt lacks: Signed (Company Representative), Signed (lead directional driller) (policy zero_day)",,unsigned_policy=zero_day
MDS-00340-018,MDS-00340,2025-05-03,RM-520,"17-1/2""",Standby,,DDR_NGP-WS-055_20250503.txt,DDR-055-20250503,"17-1/2""",Standby,1,209.92,209.92,,,0,,,0,209.92,0,20992,report_unsigned,record_not_signed,Cl 15 p.5; Cl 37 p.8; guideline check 4,,"DDR_NGP-WS-055_20250503.txt lacks: Signed (Company Representative), Signed (lead directional driller) (policy zero_day)",,unsigned_policy=zero_day
MDS-00365-052,MDS-00365,2025-05-15,MW-310,"17-1/2""",Standby,,DDR_NGP-WS-127_20250515.txt,DDR-127-20250515,"17-1/2""",Standby,1,2245.85,2245.85,1,tool in the hole (Cl 28),1,1157.74,2245.85 [Sch.1 p.15-16] -> index 103.10 -> 2315.47 -> class Standard -> 2315.47 -> standby -> 1157.74,1157.74,1088.11,115774,224585,rate_differs,index_or_fx_month_wrong,Cl 17-18 p.6; Part IX p.35; Schedules 1-3; instruments pp.37-42,MW-310: index of 2025-01; standby % omitted,"billed rate reproduced by: MW-310: index of 2025-01; standby % omitted; MW-310: index omitted; standby % omitted; MW-310: index of 2025-01; section 12-1/4""; standby % omitted",,
MDS-00388-005,MDS-00388,2025-05-18,HC-620,"17-1/2""",Operating,,DDR_NGP-HA-162_20250518.txt,DDR-162-20250518,"17-1/2""",Operating,1,559.08,559.08,1,tool in the hole (Cl 28),1,556.38,539.65 [Sch.1 p.15-16] -> index 103.10 -> 556.38,556.38,2.70,55638,55908,rate_differs,index_or_fx_month_wrong,Cl 17-18 p.6; Part IX p.35; Schedules 1-3; instruments pp.37-42,index of the next month,billed rate reproduced by: index of the next month,,
MDS-00398-017,MDS-00398,2025-05-24,HC-620,"12-1/4""",Operating,,DDR_NGP-BD-109_20250524.txt,DDR-109-20250524,"12-1/4""",Operating,1,559.08,559.08,1,tool in the hole (Cl 28),1,556.38,539.65 [Sch.1 p.15-16] -> index 103.10 -> 556.38,556.38,2.70,55638,55908,rate_differs,index_or_fx_month_wrong,Cl 17-18 p.6; Part IX p.35; Schedules 1-3; instruments pp.37-42,index of the next month,billed rate reproduced by: index of the next month,,
MDS-00406-015,MDS-00406,2025-05-24,RM-511,"12-1/4""",Operating,,DDR_NGP-WS-127_20250524.txt,DDR-127-20250524,"12-1/4""",Operating,1,1379.15,1345.15,1,tool in the hole (Cl 28),1,1379.15,"1379.15 [Sch.1 p.15-16] -> section 12-1/4"" -> 1379.15",1379.15,-34.00,137915,134515,amount_ne_qty_x_rate,line_arithmetic,Cl 18 p.6,,"1 x 1379.15 = 1379.15, billed 1345.15",,
MDS-00463-033,MDS-00463,2025-06-16,LH-712,"8-1/2""",Operating,,DDR_NGP-WS-038_20250616.txt,DDR-038-20250616,"8-1/2""",Operating,1,1138106.99,1138106.99,1,Part E: rotary steerable lost (Cl 31),1,1136590.73,"SAR 4687500.00 / 375.30 halalas (2025-06) -> 1249000.80 [Sch.2D p.19, 31A] -> depreciation 9% (231 h) -> 1136590.73 [Cl 31 p.7]",1136590.73,1516.26,113659073,113810699,rate_differs,index_or_fx_month_wrong,Cl 17-18 p.6; Part IX p.35; Schedules 1-3; instruments pp.37-42,lost in hole converted at the 2025-09 exchange rate,billed rate reproduced by: lost in hole converted at the 2025-09 exchange rate,,
MDS-00476-051,MDS-00476,2025-06-22,MW-301,"8-1/2""",Operating,,DDR_NGP-QA-074_20250622.txt,DDR-074-20250622,"8-1/2""",Operating,2,1646.55,3293.10,0,Crew on tour: 2 (Cl 22),0,,,0,3293.10,0,329310,already_billed,duplicate_measurement,Cl 29 p.7; guideline check 10,,the report's quantity was used by an earlier line (Cl 29),,
MDS-00541-018,MDS-00541,2025-08-09,MW-301,"8-1/2""",Operating,,,DDR-005-20250713,,,2,1646.55,3293.10,,,0,,,0,3293.10,0,329310,outside_invoice_period,line_outside_period,Cl 32 p.8,,2025-08-09 outside the invoice period 2025-07-12..2025-07-14,report_ref DDR-005-20250713 is not the number of the 2025-08-09 report (Cl 19A),
MDS-00580-046,MDS-00580,2025-07-29,LW-401,"8-1/2""",Operating,,DDR_NGP-QA-128_20250729.txt,DDR-128-20250729,"8-1/2""",Operating,1,1898.45,1898.45,0,Crew on tour: 1 (Cl 22),0,,,0,1898.45,0,189845,already_billed,duplicate_measurement,Cl 29 p.7; guideline check 10,,the report's quantity was used by an earlier line (Cl 29),,
MDS-00586-039,MDS-00586,2025-07-30,PD-210,"8-1/2""",Operating,4107-4199,DDR_NGP-WS-022_20250730.txt,DDR-022-20250730,"8-1/2""",Operating,92,98.70,9080.40,92,metres drilled 4107-4199 m on a performance-drilled day (Cl 23),92,76.45,"Sch.2 band 4107-4199 m: 76.45 [p.17] -> 92 m x 76.45 (band 76.45, volume 100%)",7033.40,2047.00,703340,908040,rate_differs,depth_band_wrong,Cl 17-18 p.6; Part IX p.35; Schedules 1-3; instruments pp.37-42,PD-210 at band rate 98.70,billed rate reproduced by: PD-210 at band rate 98.70; PD-210 at band rate 98.70 with a class factor,,pd210_rule=perf_engineer
MDS-00622-014,MDS-00622,2025-08-13,LW-401,"6""",Standby,,DDR_NGP-BD-039_20250813.txt,DDR-039-20250813,"6""",Standby,1,1898.45,1898.45,1,Crew on tour: 1 (Cl 22),1,1518.76,1898.45 [Sch.1 p.15-16] -> standby -> 1518.76,1518.76,379.69,151876,189845,rate_differs,standby_rate_wrong,Cl 17-18 p.6; Part IX p.35; Schedules 1-3; instruments pp.37-42,standby percentage ignored,billed rate reproduced by: standby percentage ignored,,
MDS-00626-067,MDS-00626,2025-08-16,HC-640,"12-1/4""",Standby,,DDR_NGP-WS-199_20250816.txt,DDR-199-20250816,"12-1/4""",Standby,1,719.55,719.55,,tool in the hole (Cl 28); not chargeable on Standby (Sch.3 Pt3),0,,,0,719.55,0,71955,not_supported_by_report,charge_not_in_record,Cl 20-31 pp.6-7; App. G p.36; guideline 2,,"DDR_NGP-WS-199_20250816.txt (Standby, 12-1/4"") supports no HC-640: tool in the hole (Cl 28); not chargeable on Standby (Sch.3 Pt3)",,
MDS-00635-037,MDS-00635,2025-08-19,MW-301,"6""",Operating,,DDR_NGP-BD-039_20250819.txt,DDR-039-20250819,"6""",Operating,2,1531.29,3062.58,2,Crew on tour: 2 (Cl 22),2,1646.55,1646.55 [Sch.1 p.15-16],3293.10,-230.52,329310,306258,rate_differs,discount_early,Cl 17-18 p.6; Part IX p.35; Schedules 1-3; instruments pp.37-42,rate discount 0.07 taken before it started,billed rate reproduced by: rate discount 0.07 taken before it started,,
MDS-00639-027,MDS-00639,2025-08-20,LH-713,"12-1/4""",Operating,,DDR_NGP-QA-023_20250820.txt,DDR-023-20250820,"12-1/4""",Operating,1,385000.00,385000.00,1,Part E: MWD collar lost (Cl 31),1,358050.00,"SAR 1443750.00 / 375.00 halalas (2025-08) -> 385000.00 [Sch.2D p.19, 31A] -> depreciation 7% (189 h) -> 358050.00 [Cl 31 p.7]",358050.00,26950.00,35805000,38500000,rate_differs,lost_in_hole_value_wrong,Cl 17-18 p.6; Part IX p.35; Schedules 1-3; instruments pp.37-42,"lost in hole at Schedule 6 USD, no depreciation","billed rate reproduced by: lost in hole at Schedule 6 USD, no depreciation",,
MDS-00643-015,MDS-00643,2025-08-20,MW-310,"26""",Operating,,DDR_NGP-WS-094_20250820.txt,DDR-094-20250820,"26""",Operating,1,3913.11,3913.11,1,tool in the hole (Cl 28),1,3657.52,"2245.85 [Sch.1 p.15-16] -> index 105.40 -> 2367.13 -> section 26"" -> 3112.78 -> class Extended Reach -> 3657.52",3657.52,255.59,365752,391311,rate_differs,index_or_fx_month_wrong,Cl 17-18 p.6; Part IX p.35; Schedules 1-3; instruments pp.37-42,MW-310: index of 2025-01; class HPHT,billed rate reproduced by: MW-310: index of 2025-01; class HPHT; MW-310: index omitted; class HPHT,,
MDS-00653-019,MDS-00653,2025-08-25,MW-310,"8-1/2""",Standby,,DDR_NGP-BD-164_20250825.txt,DDR-164-20250825,"8-1/2""",Standby,1,1314.20,1314.20,1,tool in the hole (Cl 28),1,1390.69,2245.85 [Sch.1 p.15-16] -> index 105.40 -> 2367.13 -> class Extended Reach -> 2781.38 -> standby -> 1390.69,1390.69,-76.49,139069,131420,rate_differs,section_factor_wrong,Cl 17-18 p.6; Part IX p.35; Schedules 1-3; instruments pp.37-42,"MW-310: section 8-1/2""","billed rate reproduced by: MW-310: section 8-1/2""; section factor applied on a Standby day",,
MDS-00700-022,MDS-00700,2025-09-10,LW-411,"8-1/2""",Operating,,DDR_NGP-WS-094_20250910.txt,DDR-094-20250910,"8-1/2""",Operating,140,19.78,2769.20,118,"metres drilled 3445-3563 m, tool in the hole (Cl 24)",118,19.78,16.83 [Sch.1 p.15-16] -> class Extended Reach -> 19.78,2334.04,435.16,233404,276920,qty_above_report,qty_above_record,Cl 21-30 pp.6-7; Cl 25A p.35; guideline check 5,,"billed 140, report supports 118",,
MDS-00732-034,MDS-00732,2025-09-23,MW-310,"12-1/4""",Operating,,DDR_NGP-QA-200_20250923.txt,DDR-200-20250923,"12-1/4""",Operating,1,2385.09,2385.09,1,tool in the hole (Cl 28),1,2355.90,"2245.85 [Sch.1 p.15-16] -> index 104.90 -> 2355.90 -> section 12-1/4"" -> 2355.90 -> class Standard -> 2355.90",2355.90,29.19,235590,238509,rate_differs,index_or_fx_month_wrong,Cl 17-18 p.6; Part IX p.35; Schedules 1-3; instruments pp.37-42,MW-310: index of 2025-10,billed rate reproduced by: MW-310: index of 2025-10; index of the next month; MW-310: index of 2025-10; no section factor,,
MDS-00767-012,MDS-00767,2025-10-01,MW-330,"8-1/2""",Operating,,DDR_NGP-QA-058_20251001.txt,DDR-058-20251001,"8-1/2""",Operating,2,309.75,619.50,1,tool in the hole (Cl 28),1,309.75,309.75 [Sch.1 p.15-16],309.75,309.75,30975,61950,qty_above_report,qty_above_record,Cl 21-30 pp.6-7; Cl 25A p.35; guideline check 5,,"billed 2, report supports 1",,
MDS-00791-024,MDS-00791,2025-10-12,MW-310,"12-1/4""",Standby,,DDR_NGP-HA-148_20251012.txt,DDR-148-20251012,"12-1/4""",Standby,1,2245.85,2245.85,1,tool in the hole (Cl 28),1,1192.54,2245.85 [Sch.1 p.15-16] -> index 106.20 -> 2385.09 -> class Standard -> 2385.09 -> standby -> 1192.54,1192.54,1053.31,119254,224585,rate_differs,index_or_fx_month_wrong,Cl 17-18 p.6; Part IX p.35; Schedules 1-3; instruments pp.37-42,MW-310: index of 2025-01; standby % omitted,"billed rate reproduced by: MW-310: index of 2025-01; standby % omitted; MW-310: index omitted; standby % omitted; MW-310: index of 2025-01; section 12-1/4""; standby % omitted",,
MDS-00799-009,MDS-00799,2025-10-13,MW-330,"6""",Operating,,DDR_NGP-BD-165_20251013.txt,DDR-165-20251013,"6""",Operating,2,309.75,619.50,1,tool in the hole (Cl 28),1,309.75,309.75 [Sch.1 p.15-16],309.75,309.75,30975,61950,qty_above_report,qty_above_record,Cl 21-30 pp.6-7; Cl 25A p.35; guideline check 5,,"billed 2, report supports 1",,
MDS-00804-009,MDS-00804,2025-10-15,MW-301,"8-1/2""",Operating,,DDR_NGP-BD-217_20251015.txt,DDR-217-20251015,"8-1/2""",Operating,2,1531.29,3062.58,2,Crew on tour: 2 (Cl 22),2,1646.55,1646.55 [Sch.1 p.15-16],3293.10,-230.52,329310,306258,rate_differs,discount_early,Cl 17-18 p.6; Part IX p.35; Schedules 1-3; instruments pp.37-42,rate discount 0.07 taken before it started,billed rate reproduced by: rate discount 0.07 taken before it started,,
MDS-00840-023,MDS-00840,2025-10-30,DD-121,"8-1/2""",Standby,,DDR_NGP-HA-148_20251030.txt,DDR-148-20251030,"8-1/2""",Standby,1,2893.65,2893.65,1,"rotary steerable in the hole on a Standby day (Cl 21, Sch.3 Pt4)",1,2984.00,2984.00 [S1 p.38],2984.00,-90.35,298400,289365,rate_differs,rate_superseded,Cl 17-18 p.6; Part IX p.35; Schedules 1-3; instruments pp.37-42,superseded instrument rate (Supplement 1 missed),billed rate reproduced by: superseded instrument rate (Supplement 1 missed),,
MDS-00842-001,MDS-00842,2025-10-29,DD-101,"17-1/2""",Standby,,DDR_NGP-BD-218_20251029.txt,DDR-218-20251029,"17-1/2""",Standby,2,1477.88,2955.76,,,0,,,0,2955.76,0,295576,report_unsigned,record_not_signed,Cl 15 p.5; Cl 37 p.8; guideline check 4,,"DDR_NGP-BD-218_20251029.txt lacks: Signed (Company Representative), Signed (lead directional driller) (policy zero_day)",,unsigned_policy=zero_day
MDS-00842-002,MDS-00842,2025-10-29,DD-102,"17-1/2""",Standby,,DDR_NGP-BD-218_20251029.txt,DDR-218-20251029,"17-1/2""",Standby,1,948.60,948.60,,,0,,,0,948.60,0,94860,report_unsigned,record_not_signed,Cl 15 p.5; Cl 37 p.8; guideline check 4,,"DDR_NGP-BD-218_20251029.txt lacks: Signed (Company Representative), Signed (lead directional driller) (policy zero_day)",,unsigned_policy=zero_day
MDS-00842-003,MDS-00842,2025-10-29,DD-110,"17-1/2""",Standby,,DDR_NGP-BD-218_20251029.txt,DDR-218-20251029,"17-1/2""",Standby,1,708.88,708.88,,,0,,,0,708.88,0,70888,report_unsigned,record_not_signed,Cl 15 p.5; Cl 37 p.8; guideline check 4,,"DDR_NGP-BD-218_20251029.txt lacks: Signed (Company Representative), Signed (lead directional driller) (policy zero_day)",,unsigned_policy=zero_day
MDS-00842-004,MDS-00842,2025-10-29,HC-601,"17-1/2""",Standby,,DDR_NGP-BD-218_20251029.txt,DDR-218-20251029,"17-1/2""",Standby,1,359.90,359.90,,,0,,,0,359.90,0,35990,report_unsigned,record_not_signed,Cl 15 p.5; Cl 37 p.8; guideline check 4,,"DDR_NGP-BD-218_20251029.txt lacks: Signed (Company Representative), Signed (lead directional driller) (policy zero_day)",,unsigned_policy=zero_day
MDS-00842-005,MDS-00842,2025-10-29,HC-620,"17-1/2""",Standby,,DDR_NGP-BD-218_20251029.txt,DDR-218-20251029,"17-1/2""",Standby,1,286.56,286.56,,,0,,,0,286.56,0,28656,report_unsigned,record_not_signed,Cl 15 p.5; Cl 37 p.8; guideline check 4,,"DDR_NGP-BD-218_20251029.txt lacks: Signed (Company Representative), Signed (lead directional driller) (policy zero_day)",,unsigned_policy=zero_day
MDS-00842-006,MDS-00842,2025-10-29,MW-301,"17-1/2""",Standby,,DDR_NGP-BD-218_20251029.txt,DDR-218-20251029,"17-1/2""",Standby,2,1317.24,2634.48,,,0,,,0,2634.48,0,263448,report_unsigned,record_not_signed,Cl 15 p.5; Cl 37 p.8; guideline check 4,,"DDR_NGP-BD-218_20251029.txt lacks: Signed (Company Representative), Signed (lead directional driller) (policy zero_day)",,unsigned_policy=zero_day
MDS-00842-007,MDS-00842,2025-10-29,MW-310,"17-1/2""",Standby,,DDR_NGP-BD-218_20251029.txt,DDR-218-20251029,"17-1/2""",Standby,1,1192.54,1192.54,,,0,,,0,1192.54,0,119254,report_unsigned,record_not_signed,Cl 15 p.5; Cl 37 p.8; guideline check 4,,"DDR_NGP-BD-218_20251029.txt lacks: Signed (Company Representative), Signed (lead directional driller) (policy zero_day)",,unsigned_policy=zero_day
MDS-00842-008,MDS-00842,2025-10-29,MW-330,"17-1/2""",Standby,,DDR_NGP-BD-218_20251029.txt,DDR-218-20251029,"17-1/2""",Standby,1,309.75,309.75,,,0,,,0,309.75,0,30975,report_unsigned,record_not_signed,Cl 15 p.5; Cl 37 p.8; guideline check 4,,"DDR_NGP-BD-218_20251029.txt lacks: Signed (Company Representative), Signed (lead directional driller) (policy zero_day)",,unsigned_policy=zero_day
MDS-00842-009,MDS-00842,2025-10-29,RM-520,"17-1/2""",Standby,,DDR_NGP-BD-218_20251029.txt,DDR-218-20251029,"17-1/2""",Standby,1,209.92,209.92,,,0,,,0,209.92,0,20992,report_unsigned,record_not_signed,Cl 15 p.5; Cl 37 p.8; guideline check 4,,"DDR_NGP-BD-218_20251029.txt lacks: Signed (Company Representative), Signed (lead directional driller) (policy zero_day)",,unsigned_policy=zero_day
MDS-00856-039,MDS-00856,2025-11-06,RM-530,"17-1/2""",Operating,,DDR_NGP-WS-059_20251106.txt,DDR-059-20251106,"17-1/2""",Operating,7,264.55,1851.85,6,7 h reported - 1 rig-up hour (21A),6,264.55,264.55 [Sch.1 p.15-16],1587.30,264.55,158730,185185,qty_above_report,chargeable_hour_not_deducted,Cl 21-30 pp.6-7; Cl 25A p.35; guideline check 5,,"billed 7, report supports 6 | billed the hours the report states, without the Clause 21A rig-up hour",,chargeable_hour=per_day
MDS-00864-075,MDS-00864,2025-11-11,RM-510,"12-1/4""",Operating,,DDR_NGP-BD-218_20251111.txt,DDR-218-20251111,"12-1/4""",Operating,245,38.45,9420.25,193,"metres drilled 2929-3122 m, underreamer in the hole (Cl 25)",193,38.45,"38.45 [Sch.1 p.15-16] -> section 12-1/4"" -> 38.45",7420.85,1999.40,742085,942025,qty_above_report,qty_above_record,Cl 21-30 pp.6-7; Cl 25A p.35; guideline check 5,,"billed 245, report supports 193",,
MDS-00876-062,MDS-00876,2025-11-15,LW-420,"8-1/2""",Operating,,DDR_NGP-WS-201_20251115.txt,DDR-201-20251115,"8-1/2""",Operating,1,2746.55,2746.55,,,0,,,0,2746.55,0,274655,part_D_absent,record_missing,Cl 37 p.8; Sch.5 p.24,,LW-420 needs Part D; DDR_NGP-WS-201_20251115.txt has Parts AB,,
MDS-00895-051,MDS-00895,2025-12-24,MW-301,"12-1/4""",Operating,,,DDR-025-20251121,,,2,1646.55,3293.10,,,0,,,0,3293.10,0,329310,outside_invoice_period,line_outside_period,Cl 32 p.8,,2025-12-24 outside the invoice period 2025-11-18..2025-11-23,report_ref DDR-025-20251121 is not the number of the 2025-12-24 report (Cl 19A),
MDS-00901-016,MDS-00901,2025-11-22,DD-101,"12-1/4""",Operating,,DDR_NGP-BD-149_20251122.txt,DDR-149-20251122,"12-1/4""",Operating,2,1847.35,3694.70,,,0,,,0,3694.70,0,369470,report_unsigned,record_not_signed,Cl 15 p.5; Cl 37 p.8; guideline check 4,,"DDR_NGP-BD-149_20251122.txt lacks: Signed (Company Representative), Signed (lead directional driller) (policy zero_day)",,unsigned_policy=zero_day
MDS-00901-017,MDS-00901,2025-11-22,DD-102,"12-1/4""",Operating,,DDR_NGP-BD-149_20251122.txt,DDR-149-20251122,"12-1/4""",Operating,1,948.60,948.60,,,0,,,0,948.60,0,94860,report_unsigned,record_not_signed,Cl 15 p.5; Cl 37 p.8; guideline check 4,,"DDR_NGP-BD-149_20251122.txt lacks: Signed (Company Representative), Signed (lead directional driller) (policy zero_day)",,unsigned_policy=zero_day
MDS-00901-018,MDS-00901,2025-11-22,DD-120,"12-1/4""",Operating,,DDR_NGP-BD-149_20251122.txt,DDR-149-20251122,"12-1/4""",Operating,19,528.01,10032.19,,,0,,,0,10032.19,0,1003219,report_unsigned,record_not_signed,Cl 15 p.5; Cl 37 p.8; guideline check 4,,"DDR_NGP-BD-149_20251122.txt lacks: Signed (Company Representative), Signed (lead directional driller) (policy zero_day)",,unsigned_policy=zero_day;chargeable_hour=per_day
MDS-00901-019,MDS-00901,2025-11-22,HC-620,"12-1/4""",Operating,,DDR_NGP-BD-149_20251122.txt,DDR-149-20251122,"12-1/4""",Operating,1,577.97,577.97,,,0,,,0,577.97,0,57797,report_unsigned,record_not_signed,Cl 15 p.5; Cl 37 p.8; guideline check 4,,"DDR_NGP-BD-149_20251122.txt lacks: Signed (Company Representative), Signed (lead directional driller) (policy zero_day)",,unsigned_policy=zero_day
MDS-00901-020,MDS-00901,2025-11-22,HC-640,"12-1/4""",Operating,,DDR_NGP-BD-149_20251122.txt,DDR-149-20251122,"12-1/4""",Operating,1,719.55,719.55,,,0,,,0,719.55,0,71955,report_unsigned,record_not_signed,Cl 15 p.5; Cl 37 p.8; guideline check 4,,"DDR_NGP-BD-149_20251122.txt lacks: Signed (Company Representative), Signed (lead directional driller) (policy zero_day)",,unsigned_policy=zero_day
MDS-00901-021,MDS-00901,2025-11-22,MW-301,"12-1/4""",Operating,,DDR_NGP-BD-149_20251122.txt,DDR-149-20251122,"12-1/4""",Operating,2,1646.55,3293.10,,,0,,,0,3293.10,0,329310,report_unsigned,record_not_signed,Cl 15 p.5; Cl 37 p.8; guideline check 4,,"DDR_NGP-BD-149_20251122.txt lacks: Signed (Company Representative), Signed (lead directional driller) (policy zero_day)",,unsigned_policy=zero_day
MDS-00901-022,MDS-00901,2025-11-22,MW-310,"12-1/4""",Operating,,DDR_NGP-BD-149_20251122.txt,DDR-149-20251122,"12-1/4""",Operating,1,3187.04,3187.04,,,0,,,0,3187.04,0,318704,report_unsigned,record_not_signed,Cl 15 p.5; Cl 37 p.8; guideline check 4,,"DDR_NGP-BD-149_20251122.txt lacks: Signed (Company Representative), Signed (lead directional driller) (policy zero_day)",,unsigned_policy=zero_day
MDS-00901-023,MDS-00901,2025-11-22,MW-320,"12-1/4""",Operating,,DDR_NGP-BD-149_20251122.txt,DDR-149-20251122,"12-1/4""",Operating,1,1033.04,1033.04,,,0,,,0,1033.04,0,103304,report_unsigned,record_not_signed,Cl 15 p.5; Cl 37 p.8; guideline check 4,,"DDR_NGP-BD-149_20251122.txt lacks: Signed (Company Representative), Signed (lead directional driller) (policy zero_day)",,unsigned_policy=zero_day
MDS-00901-024,MDS-00901,2025-11-22,MW-330,"12-1/4""",Operating,,DDR_NGP-BD-149_20251122.txt,DDR-149-20251122,"12-1/4""",Operating,1,309.75,309.75,,,0,,,0,309.75,0,30975,report_unsigned,record_not_signed,Cl 15 p.5; Cl 37 p.8; guideline check 4,,"DDR_NGP-BD-149_20251122.txt lacks: Signed (Company Representative), Signed (lead directional driller) (policy zero_day)",,unsigned_policy=zero_day
MDS-00901-025,MDS-00901,2025-11-22,PD-201,"12-1/4""",Operating,,DDR_NGP-BD-149_20251122.txt,DDR-149-20251122,"12-1/4""",Operating,1,2094.85,2094.85,,,0,,,0,2094.85,0,209485,report_unsigned,record_not_signed,Cl 15 p.5; Cl 37 p.8; guideline check 4,,"DDR_NGP-BD-149_20251122.txt lacks: Signed (Company Representative), Signed (lead directional driller) (policy zero_day)",,unsigned_policy=zero_day
MDS-00901-026,MDS-00901,2025-11-22,PD-210,"12-1/4""",Operating,2081-2205,DDR_NGP-BD-149_20251122.txt,DDR-149-20251122,"12-1/4""",Operating,124,58.15,7210.60,,,0,,,0,7210.60,0,721060,report_unsigned,record_not_signed,Cl 15 p.5; Cl 37 p.8; guideline check 4,,"DDR_NGP-BD-149_20251122.txt lacks: Signed (Company Representative), Signed (lead directional driller) (policy zero_day)",,unsigned_policy=zero_day;pd210_rule=perf_engineer
MDS-00901-027,MDS-00901,2025-11-22,PD-220,"12-1/4""",Operating,,DDR_NGP-BD-149_20251122.txt,DDR-149-20251122,"12-1/4""",Operating,1,1148.35,1148.35,,,0,,,0,1148.35,0,114835,report_unsigned,record_not_signed,Cl 15 p.5; Cl 37 p.8; guideline check 4,,"DDR_NGP-BD-149_20251122.txt lacks: Signed (Company Representative), Signed (lead directional driller) (policy zero_day)",,unsigned_policy=zero_day
MDS-00901-028,MDS-00901,2025-11-22,PD-230,"12-1/4""",Operating,,DDR_NGP-BD-149_20251122.txt,DDR-149-20251122,"12-1/4""",Operating,1,639.15,639.15,,,0,,,0,639.15,0,63915,report_unsigned,record_not_signed,Cl 15 p.5; Cl 37 p.8; guideline check 4,,"DDR_NGP-BD-149_20251122.txt lacks: Signed (Company Representative), Signed (lead directional driller) (policy zero_day)",,unsigned_policy=zero_day
MDS-00901-029,MDS-00901,2025-11-22,RM-510,"12-1/4""",Operating,,DDR_NGP-BD-149_20251122.txt,DDR-149-20251122,"12-1/4""",Operating,124,38.45,4767.80,,,0,,,0,4767.80,0,476780,report_unsigned,record_not_signed,Cl 15 p.5; Cl 37 p.8; guideline check 4,,"DDR_NGP-BD-149_20251122.txt lacks: Signed (Company Representative), Signed (lead directional driller) (policy zero_day)",,unsigned_policy=zero_day
MDS-00901-030,MDS-00901,2025-11-22,RM-511,"12-1/4""",Operating,,DDR_NGP-BD-149_20251122.txt,DDR-149-20251122,"12-1/4""",Operating,1,1379.15,1379.15,,,0,,,0,1379.15,0,137915,report_unsigned,record_not_signed,Cl 15 p.5; Cl 37 p.8; guideline check 4,,"DDR_NGP-BD-149_20251122.txt lacks: Signed (Company Representative), Signed (lead directional driller) (policy zero_day)",,unsigned_policy=zero_day
MDS-00954-021,MDS-00954,2025-12-11,DD-130,"26""",Operating,,DDR_NGP-WS-009_20251211.txt,DDR-009-20251211,"26""",Operating,1,2446.15,2446.15,,,0,,,0,2446.15,0,244615,part_C_absent,record_missing,Cl 37 p.8; Sch.5 p.24,,DD-130 needs Part C; DDR_NGP-WS-009_20251211.txt has Parts AB,,
MDS-00975-005,MDS-00975,2025-12-16,LH-713,"8-1/2""",Operating,,DDR_NGP-QA-096_20251216.txt,DDR-096-20251216,"8-1/2""",Operating,1,315868.46,315868.46,1,Part E: MWD collar lost (Cl 31),1,315279.63,"SAR 1443750.00 / 375.50 halalas (2025-12) -> 384487.35 [Sch.2D p.19, 31A] -> depreciation 18% (468 h) -> 315279.63 [Cl 31 p.7]",315279.63,588.83,31527963,31586846,rate_differs,index_or_fx_month_wrong,Cl 17-18 p.6; Part IX p.35; Schedules 1-3; instruments pp.37-42,lost in hole converted at the 2025-09 exchange rate,billed rate reproduced by: lost in hole converted at the 2025-09 exchange rate,,
MDS-00977-053,MDS-00977,2025-12-21,PD-210,"8-1/2""",Operating,4248-4336,DDR_NGP-QA-167_20251221.txt,DDR-167-20251221,"8-1/2""",Operating,88,89.83,7905.04,88,metres drilled 4248-4336 m on a performance-drilled day (Cl 23),88,76.45,"Sch.2 band 4248-4336 m: 76.45 [p.17] -> 88 m x 76.45 (band 76.45, volume 100%)",6727.60,1177.44,672760,790504,rate_differs,class_factor_wrong,Cl 17-18 p.6; Part IX p.35; Schedules 1-3; instruments pp.37-42,PD-210 at band rate 76.45 with a class factor,billed rate reproduced by: PD-210 at band rate 76.45 with a class factor,,pd210_rule=perf_engineer
MDS-00978-026,MDS-00978,2025-12-20,LH-711,"17-1/2""",Operating,,DDR_NGP-WS-009_20251220.txt,DDR-009-20251220,"17-1/2""",Operating,1,145000.00,145000.00,1,Part E: mud motor lost (Cl 31),1,133222.37,"SAR 543750.00 / 375.50 halalas (2025-12) -> 144806.92 [Sch.2D p.19, 31A] -> depreciation 8% (200 h) -> 133222.37 [Cl 31 p.7]",133222.37,11777.63,13322237,14500000,rate_differs,lost_in_hole_value_wrong,Cl 17-18 p.6; Part IX p.35; Schedules 1-3; instruments pp.37-42,"lost in hole at Schedule 6 USD, no depreciation","billed rate reproduced by: lost in hole at Schedule 6 USD, no depreciation",,
MDS-00979-034,MDS-00979,2025-12-21,MW-310,"17-1/2""",Operating,,DDR_NGP-WS-079_20251221.txt,DDR-079-20251221,"17-1/2""",Operating,1,2953.29,2953.29,1,tool in the hole (Cl 28),1,2777.22,"2245.85 [Sch.1 p.15-16] -> index 108.00 -> 2425.52 -> section 17-1/2"" -> 2777.22 -> class Standard -> 2777.22",2777.22,176.07,277722,295329,rate_differs,index_or_fx_month_wrong,Cl 17-18 p.6; Part IX p.35; Schedules 1-3; instruments pp.37-42,"MW-310: index of 2025-01; section 26""","billed rate reproduced by: MW-310: index of 2025-01; section 26""; MW-310: index omitted; section 26""",,
MDS-00991-021,MDS-00991,2025-12-23,RM-510,"12-1/4""",Operating,,DDR_NGP-WS-132_20251223.txt,DDR-132-20251223,"12-1/4""",Operating,210,38.45,8074.50,191,"metres drilled 3214-3405 m, underreamer in the hole (Cl 25)",191,38.45,"38.45 [Sch.1 p.15-16] -> section 12-1/4"" -> 38.45",7343.95,730.55,734395,807450,qty_above_report,qty_above_record,Cl 21-30 pp.6-7; Cl 25A p.35; guideline check 5,,"billed 210, report supports 191",,
MDS-01043-030,MDS-01043,2026-01-10,RM-511,"17-1/2""",Operating,,DDR_NGP-QA-168_20260110.txt,DDR-168-20260110,"17-1/2""",Operating,1,1579.13,1579.13,,not recorded,0,,,0,1579.13,0,157913,not_supported_by_report,charge_not_in_record,Cl 20-31 pp.6-7; App. G p.36; guideline 2,,"DDR_NGP-QA-168_20260110.txt (Operating, 17-1/2"") supports no RM-511; its words do not record the service",,
MDS-01044-025,MDS-01044,2026-01-11,MW-320,"8-1/2""",Operating,,DDR_NGP-WS-009_20260111.txt,DDR-009-20260111,"8-1/2""",Operating,1,779.65,773.65,1,tool in the hole (Cl 28),1,779.65,779.65 [Sch.1 p.15-16] -> class Standard -> 779.65,779.65,-6.00,77965,77365,amount_ne_qty_x_rate,line_arithmetic,Cl 18 p.6,,"1 x 779.65 = 779.65, billed 773.65",,
MDS-01047-030,MDS-01047,2026-01-13,LW-410,"8-1/2""",Operating,,DDR_NGP-WS-185_20260113.txt,DDR-185-20260113,"8-1/2""",Operating,106,13.36,1416.16,97,"metres drilled 3930-4027 m, tool in the hole (Cl 24)",97,13.36,11.37 [Sch.1 p.15-16] -> class Extended Reach -> 13.36,1295.92,120.24,129592,141616,qty_above_report,qty_above_record,Cl 21-30 pp.6-7; Cl 25A p.35; guideline check 5,,"billed 106, report supports 97",,
MDS-01050-019,MDS-01050,2026-01-14,LH-714,"8-1/2""",Operating,,DDR_NGP-HA-097_20260114.txt,DDR-097-20260114,"8-1/2""",Operating,1,509871.93,509871.93,1,Part E: gamma tool lost (Cl 31),1,508244.68,"SAR 1950000.00 / 376.00 halalas (2026-01) -> 518617.02 [Sch.2D p.19, 31A] -> depreciation 2% (52 h) -> 508244.68 [Cl 31 p.7]",508244.68,1627.25,50824468,50987193,rate_differs,index_or_fx_month_wrong,Cl 17-18 p.6; Part IX p.35; Schedules 1-3; instruments pp.37-42,lost in hole converted at the 2025-09 exchange rate,billed rate reproduced by: lost in hole converted at the 2025-09 exchange rate,,
MDS-01086-025,MDS-01086,2026-01-27,MW-310,"12-1/4""",Operating,,DDR_NGP-WS-061_20260127.txt,DDR-061-20260127,"12-1/4""",Operating,1,2571.50,2571.50,1,tool in the hole (Cl 28),1,2454.71,"2245.85 [Sch.1 p.15-16] -> index 109.30 -> 2454.71 -> section 12-1/4"" -> 2454.71 -> class Standard -> 2454.71",2454.71,116.79,245471,257150,rate_differs,index_or_fx_month_wrong,Cl 17-18 p.6; Part IX p.35; Schedules 1-3; instruments pp.37-42,"MW-310: index of 2025-01; section 17-1/2""","billed rate reproduced by: MW-310: index of 2025-01; section 17-1/2""; MW-310: index omitted; section 17-1/2""",,
MDS-01089-032,MDS-01089,2026-01-28,LH-712,"12-1/4""",Operating,,DDR_NGP-QA-010_20260128.txt,DDR-010-20260128,"12-1/4""",Operating,1,1213147.01,1213147.01,1,Part E: rotary steerable lost (Cl 31),1,1209275.26,"SAR 4687500.00 / 376.00 halalas (2026-01) -> 1246675.53 [Sch.2D p.19, 31A] -> depreciation 3% (76 h) -> 1209275.26 [Cl 31 p.7]",1209275.26,3871.75,120927526,121314701,rate_differs,index_or_fx_month_wrong,Cl 17-18 p.6; Part IX p.35; Schedules 1-3; instruments pp.37-42,lost in hole converted at the 2025-09 exchange rate,billed rate reproduced by: lost in hole converted at the 2025-09 exchange rate,,
MDS-01137-028,MDS-01137,2026-02-14,MW-301,"12-1/4""",Operating,,DDR_NGP-WS-169_20260214.txt,DDR-169-20260214,"12-1/4""",Operating,2,1646.55,3293.10,2,Crew on tour: 2 (Cl 22),2,1708.00,1708.00 [A1 p.39],3416.00,-122.90,341600,329310,rate_differs,rate_superseded,Cl 17-18 p.6; Part IX p.35; Schedules 1-3; instruments pp.37-42,superseded instrument rate (previous year),billed rate reproduced by: superseded instrument rate (previous year),,
MDS-01183-041,MDS-01183,2026-02-28,HC-640,"12-1/4""",Standby,,DDR_NGP-WS-151_20260228.txt,DDR-151-20260228,"12-1/4""",Standby,1,719.55,719.55,,tool in the hole (Cl 28); not chargeable on Standby (Sch.3 Pt3),0,,,0,719.55,0,71955,not_supported_by_report,charge_not_in_record,Cl 20-31 pp.6-7; App. G p.36; guideline 2,,"DDR_NGP-WS-151_20260228.txt (Standby, 12-1/4"") supports no HC-640: tool in the hole (Cl 28); not chargeable on Standby (Sch.3 Pt3)",,
MDS-01265-028,MDS-01265,2026-03-30,PD-201,"8-1/2""",Operating,,DDR_NGP-WS-134_20260330.txt,DDR-134-20260330,"8-1/2""",Operating,2,2094.85,4189.70,1,Crew on tour: 1 (Cl 22),1,2094.85,2094.85 [Sch.1 p.15-16],2094.85,2094.85,209485,418970,qty_above_report,qty_above_record,Cl 21-30 pp.6-7; Cl 25A p.35; guideline check 5,,"billed 2, report supports 1",,
MDS-01268-014,MDS-01268,2026-03-30,RM-511,"6""",Operating,,DDR_NGP-QA-221_20260330.txt,DDR-221-20260330,"6""",Operating,1,1220.55,1220.55,,not recorded,0,,,0,1220.55,0,122055,not_supported_by_report,charge_not_in_record,Cl 20-31 pp.6-7; App. G p.36; guideline 2,,"DDR_NGP-QA-221_20260330.txt (Operating, 6"") supports no RM-511; its words do not record the service",,
MDS-01273-044,MDS-01273,2026-04-05,LW-401,"8-1/2""",Operating,,DDR_NGP-HA-028_20260405.txt,DDR-028-20260405,"8-1/2""",Operating,1,1898.45,1898.45,1,Crew on tour: 1 (Cl 22),1,1890.24,1969.00 [A1 p.39] -> discount 0.04 S2 -> 1890.24,1890.24,8.21,189024,189845,rate_differs,rate_superseded,Cl 17-18 p.6; Part IX p.35; Schedules 1-3; instruments pp.37-42,superseded instrument rate (previous year),billed rate reproduced by: superseded instrument rate (previous year),,
MDS-01302-031,MDS-01302,2026-04-12,MW-310,"8-1/2""",Standby,,DDR_NGP-QA-045_20260412.txt,DDR-045-20260412,"8-1/2""",Standby,1,1389.02,1389.02,1,tool in the hole (Cl 28),1,1469.86,2245.85 [Sch.1 p.15-16] -> index 111.40 -> 2501.88 -> class Extended Reach -> 2939.71 -> standby -> 1469.86,1469.86,-80.84,146986,138902,rate_differs,section_factor_wrong,Cl 17-18 p.6; Part IX p.35; Schedules 1-3; instruments pp.37-42,"MW-310: section 8-1/2""","billed rate reproduced by: MW-310: section 8-1/2""; section factor applied on a Standby day",,
MDS-01313-024,MDS-01313,2026-04-16,PD-210,"12-1/4""",Operating,3603-3798,DDR_NGP-WS-081_20260416.txt,DDR-081-20260416,"12-1/4""",Operating,195,98.70,19246.50,195,metres drilled 3603-3798 m on a performance-drilled day (Cl 23),195,76.45,"Sch.2 band 3603-3798 m: 76.45 [p.17] -> 195 m x 76.45 (band 76.45, volume 100%)",14907.75,4338.75,1490775,1924650,rate_differs,depth_band_wrong,Cl 17-18 p.6; Part IX p.35; Schedules 1-3; instruments pp.37-42,PD-210 at band rate 98.70,billed rate reproduced by: PD-210 at band rate 98.70; PD-210 at band rate 98.70 with a class factor,,pd210_rule=perf_engineer
MDS-01338-026,MDS-01338,2026-04-25,RM-530,"26""",Operating,,DDR_NGP-WS-029_20260425.txt,DDR-029-20260425,"26""",Operating,5,264.55,1322.75,4,5 h reported - 1 rig-up hour (21A),4,264.55,264.55 [Sch.1 p.15-16],1058.20,264.55,105820,132275,qty_above_report,chargeable_hour_not_deducted,Cl 21-30 pp.6-7; Cl 25A p.35; guideline check 5,,"billed 5, report supports 4 | billed the hours the report states, without the Clause 21A rig-up hour",,chargeable_hour=per_day
MDS-01341-016,MDS-01341,2026-04-26,MW-310,"17-1/2""",Operating,,DDR_NGP-HA-118_20260426.txt,DDR-118-20260426,"17-1/2""",Operating,3,2864.65,8593.95,1,tool in the hole (Cl 28),1,2864.65,"2245.85 [Sch.1 p.15-16] -> index 111.40 -> 2501.88 -> section 17-1/2"" -> 2864.65 -> class Standard -> 2864.65",2864.65,5729.30,286465,859395,qty_above_report,qty_above_record,Cl 21-30 pp.6-7; Cl 25A p.35; guideline check 5,,"billed 3, report supports 1",,
MDS-01342-017,MDS-01342,2026-04-26,MW-301,"12-1/4""",Operating,,DDR_NGP-HA-222_20260426.txt,DDR-222-20260426,"12-1/4""",Operating,2,1708.00,3416.00,2,Crew on tour: 2 (Cl 22),2,1639.68,1708.00 [A1 p.39] -> discount 0.04 S2 -> 1639.68,3279.36,136.64,327936,341600,rate_differs,discount_omitted,Cl 17-18 p.6; Part IX p.35; Schedules 1-3; instruments pp.37-42,rate discount omitted,billed rate reproduced by: rate discount omitted,,
MDS-01373-016,MDS-01373,2026-05-07,LW-401,"8-1/2""",Operating,,DDR_NGP-HA-222_20260507.txt,DDR-222-20260507,"8-1/2""",Operating,2,1890.24,3780.48,1,Crew on tour: 1 (Cl 22),1,1890.24,1969.00 [A1 p.39] -> discount 0.04 S2 -> 1890.24,1890.24,1890.24,189024,378048,qty_above_report,qty_above_record,Cl 21-30 pp.6-7; Cl 25A p.35; guideline check 5,,"billed 2, report supports 1",,
MDS-01387-037,MDS-01387,2026-05-13,PD-210,"12-1/4""",Operating,2829-2995,DDR_NGP-WS-153_20260513.txt,DDR-153-20260513,"12-1/4""",Operating,166,77.05,12790.30,166,metres drilled 2829-2995 m on a performance-drilled day (Cl 23),166,58.15,"Sch.2 band 2829-2995 m: 58.15 [p.17] -> 166 m x 58.15 (band 58.15, volume 100%)",9652.90,3137.40,965290,1279030,rate_differs,class_factor_wrong,Cl 17-18 p.6; Part IX p.35; Schedules 1-3; instruments pp.37-42,PD-210 at band rate 58.15 with a class factor,billed rate reproduced by: PD-210 at band rate 58.15 with a class factor,,pd210_rule=perf_engineer
MDS-01393-036,MDS-01393,2026-05-15,LW-420,"8-1/2""",Operating,,DDR_NGP-WS-029_20260515.txt,DDR-029-20260515,"8-1/2""",Operating,1,2746.55,2746.55,,,0,,,0,2746.55,0,274655,part_D_absent,record_missing,Cl 37 p.8; Sch.5 p.24,,LW-420 needs Part D; DDR_NGP-WS-029_20260515.txt has Parts AB,,
MDS-01415-045,MDS-01415,2026-05-25,MW-310,"17-1/2""",Operating,,DDR_NGP-BD-223_20260525.txt,DDR-223-20260525,"17-1/2""",Operating,1,3407.24,3407.24,1,tool in the hole (Cl 28),1,2851.79,"2245.85 [Sch.1 p.15-16] -> index 110.90 -> 2490.65 -> section 17-1/2"" -> 2851.79 -> class Standard -> 2851.79",2851.79,555.45,285179,340724,rate_differs,index_or_fx_month_wrong,Cl 17-18 p.6; Part IX p.35; Schedules 1-3; instruments pp.37-42,MW-310: index of 2025-01; class HPHT,billed rate reproduced by: MW-310: index of 2025-01; class HPHT; MW-310: index omitted; class HPHT,,
MDS-01416-007,MDS-01416,2026-05-21,MW-310,"12-1/4""",Operating,,DDR_NGP-QA-171_20260521.txt,DDR-171-20260521,"12-1/4""",Operating,1,3021.51,3021.51,1,tool in the hole (Cl 28),1,2926.51,"2245.85 [Sch.1 p.15-16] -> index 110.90 -> 2490.65 -> section 12-1/4"" -> 2490.65 -> class Extended Reach -> 2926.51",2926.51,95.00,292651,302151,rate_differs,index_or_fx_month_wrong,Cl 17-18 p.6; Part IX p.35; Schedules 1-3; instruments pp.37-42,"MW-310: index of 2025-01; section 17-1/2""","billed rate reproduced by: MW-310: index of 2025-01; section 17-1/2""; MW-310: index omitted; section 17-1/2""",,
MDS-01424-048,MDS-01424,2026-05-24,HC-640,"12-1/4""",Standby,,DDR_NGP-QA-171_20260524.txt,DDR-171-20260524,"12-1/4""",Standby,1,719.55,719.55,,tool in the hole (Cl 28); not chargeable on Standby (Sch.3 Pt3),0,,,0,719.55,0,71955,not_supported_by_report,charge_not_in_record,Cl 20-31 pp.6-7; App. G p.36; guideline 2,,"DDR_NGP-QA-171_20260524.txt (Standby, 12-1/4"") supports no HC-640: tool in the hole (Cl 28); not chargeable on Standby (Sch.3 Pt3)",,
MDS-01427-031,MDS-01427,2026-05-27,LW-401,"8-1/2""",Operating,,DDR_NGP-BD-082_20260527.txt,DDR-082-20260527,"8-1/2""",Operating,1,1898.45,1898.45,1,Crew on tour: 1 (Cl 22),1,1890.24,1969.00 [A1 p.39] -> discount 0.04 S2 -> 1890.24,1890.24,8.21,189024,189845,rate_differs,rate_superseded,Cl 17-18 p.6; Part IX p.35; Schedules 1-3; instruments pp.37-42,superseded instrument rate (previous year),billed rate reproduced by: superseded instrument rate (previous year),,
MDS-01438-039,MDS-01438,2026-05-30,MB-701,"8-1/2""",Operating,,DDR_NGP-QA-171_20260530.txt,DDR-171-20260530,"8-1/2""",Operating,1,18497.50,18497.50,,not recorded,0,,,0,18497.50,0,1849750,not_supported_by_report,charge_not_in_record,Cl 20-31 pp.6-7; App. G p.36; guideline 2,,"DDR_NGP-QA-171_20260530.txt (Operating, 8-1/2"") supports no MB-701; its words do not record the service",,
MDS-01445-015,MDS-01445,2026-06-01,LW-410,"6""",Operating,,DDR_NGP-HA-118_20260601.txt,DDR-118-20260601,"6""",Operating,67,15.07,1009.69,67,"metres drilled 5643-5710 m, tool in the hole (Cl 24)",67,11.37,11.37 [Sch.1 p.15-16] -> class Standard -> 11.37,761.79,247.90,76179,100969,rate_differs,class_factor_wrong,Cl 17-18 p.6; Part IX p.35; Schedules 1-3; instruments pp.37-42,class factor of HPHT,billed rate reproduced by: class factor of HPHT,,
MDS-01458-040,MDS-01458,2026-06-08,LH-713,"8-1/2""",Operating,,DDR_NGP-WS-064_20260608.txt,DDR-064-20260608,"8-1/2""",Operating,1,385000.00,385000.00,1,Part E: MWD collar lost (Cl 31),1,318615.40,"SAR 1443750.00 / 376.10 halalas (2026-06) -> 383873.97 [Sch.2D p.19, 31A] -> depreciation 17% (428 h) -> 318615.40 [Cl 31 p.7]",318615.40,66384.60,31861540,38500000,rate_differs,lost_in_hole_value_wrong,Cl 17-18 p.6; Part IX p.35; Schedules 1-3; instruments pp.37-42,"lost in hole at Schedule 6 USD, no depreciation","billed rate reproduced by: lost in hole at Schedule 6 USD, no depreciation",,
MDS-01459-028,MDS-01459,2026-06-08,MW-310,"12-1/4""",Operating,,DDR_NGP-BD-013_20260608.txt,DDR-013-20260608,"12-1/4""",Operating,1,2975.75,2975.75,1,tool in the hole (Cl 28),1,2519.84,"2245.85 [Sch.1 p.15-16] -> index 112.20 -> 2519.84 -> section 12-1/4"" -> 2519.84 -> class Standard -> 2519.84",2519.84,455.91,251984,297575,rate_differs,index_or_fx_month_wrong,Cl 17-18 p.6; Part IX p.35; Schedules 1-3; instruments pp.37-42,MW-310: index of 2025-01; class HPHT,billed rate reproduced by: MW-310: index of 2025-01; class HPHT; MW-310: index omitted; class HPHT; MW-310: index of 2025-01; no section factor; class HPHT,,
MDS-01483-058,MDS-01483,2026-06-20,MW-310,"17-1/2""",Operating,,DDR_NGP-BD-119_20260620.txt,DDR-119-20260620,"17-1/2""",Operating,1,2905.79,2905.79,1,tool in the hole (Cl 28),1,2885.22,"2245.85 [Sch.1 p.15-16] -> index 112.20 -> 2519.84 -> section 17-1/2"" -> 2885.22 -> class Standard -> 2885.22",2885.22,20.57,288522,290579,rate_differs,index_or_fx_month_wrong,Cl 17-18 p.6; Part IX p.35; Schedules 1-3; instruments pp.37-42,MW-310: index of 2026-07,billed rate reproduced by: MW-310: index of 2026-07; index of the next month,,
MDS-01491-003,MDS-01491,2026-06-17,DD-110,"6""",Operating,,DDR_NGP-QA-188_20260617.txt,DDR-188-20260617,"6""",Operating,1,1339.77,1339.77,1,tool in the hole (Cl 28),1,1254.71,"1417.75 [Sch.1 p.15-16] -> section 6"" -> 1254.71",1254.71,85.06,125471,133977,rate_differs,section_factor_wrong,Cl 17-18 p.6; Part IX p.35; Schedules 1-3; instruments pp.37-42,"section factor of 8-1/2""","billed rate reproduced by: section factor of 8-1/2""",,
MDS-01499-038,MDS-01499,2026-06-23,LW-410,"6""",Operating,,DDR_NGP-BD-223_20260623.txt,DDR-223-20260623,"6""",Operating,121,11.37,1375.77,88,"metres drilled 5040-5128 m, tool in the hole (Cl 24)",88,11.37,11.37 [Sch.1 p.15-16] -> class Standard -> 11.37,1000.56,375.21,100056,137577,qty_above_report,qty_above_record,Cl 21-30 pp.6-7; Cl 25A p.35; guideline check 5,,"billed 121, report supports 88",,
MDS-01534-016,MDS-01534,2026-07-02,MW-310,"17-1/2""",Operating,,DDR_NGP-WS-207_20260702.txt,DDR-207-20260702,"17-1/2""",Operating,1,3407.24,3407.24,1,tool in the hole (Cl 28),1,3414.30,"2245.85 [Sch.1 p.15-16] -> index 113.00 -> 2537.81 -> section 17-1/2"" -> 2905.79 -> class Extended Reach -> 3414.30",3414.30,-7.06,341430,340724,rate_differs,index_or_fx_month_wrong,Cl 17-18 p.6; Part IX p.35; Schedules 1-3; instruments pp.37-42,MW-310: index of 2025-01; class HPHT,billed rate reproduced by: MW-310: index of 2025-01; class HPHT; MW-310: index omitted; class HPHT,,
MDS-01556-057,MDS-01556,2026-07-12,PD-210,"8-1/2""",Operating,3943-4095,DDR_NGP-WS-065_20260712.txt,DDR-065-20260712,"8-1/2""",Operating,152,98.70,15002.40,152,metres drilled 3943-4095 m on a performance-drilled day (Cl 23),152,76.45,"Sch.2 band 3943-4095 m: 76.45 [p.17] -> 152 m x 76.45 (band 76.45, volume 100%)",11620.40,3382.00,1162040,1500240,rate_differs,depth_band_wrong,Cl 17-18 p.6; Part IX p.35; Schedules 1-3; instruments pp.37-42,PD-210 at band rate 98.70,billed rate reproduced by: PD-210 at band rate 98.70,,pd210_rule=perf_engineer
MDS-01601-023,MDS-01601,2026-07-28,DD-110,"17-1/2""",Operating,,DDR_NGP-BD-031_20260728.txt,DDR-031-20260728,"17-1/2""",Operating,1,1864.34,1864.34,1,tool in the hole (Cl 28),1,1623.32,"1417.75 [Sch.1 p.15-16] -> section 17-1/2"" -> 1623.32",1623.32,241.02,162332,186434,rate_differs,section_factor_wrong,Cl 17-18 p.6; Part IX p.35; Schedules 1-3; instruments pp.37-42,"section factor of 26""","billed rate reproduced by: section factor of 26""",,
MDS-01604-055,MDS-01604,2026-08-01,DD-120,"12-1/4""",Operating,,DDR_NGP-BD-084_20260801.txt,DDR-084-20260801,"12-1/4""",Operating,20,454.58,9091.60,15,16 h reported - 1 rig-up hour (21A),15,454.58,"416.00 [A3 p.42] -> section 12-1/4"" -> 416.00 -> class Extended Reach -> 488.80 -> discount 0.07 A2 -> 454.58",6818.70,2272.90,681870,909160,qty_above_report,qty_above_record,Cl 21-30 pp.6-7; Cl 25A p.35; guideline check 5,,"billed 20, report supports 15",,chargeable_hour=per_day
MDS-01619-045,MDS-01619,2027-01-13,MW-320,"12-1/4""",Operating,,,DDR-173-20260804,,,1,779.65,779.65,,,0,,,0,779.65,0,77965,outside_term,work_after_term,p.1; A1 1.1 p.39; A2 2.1 p.41,,2027-01-13 is after the Term as extended (2026-12-31),report_ref DDR-173-20260804 is not the number of the 2027-01-13 report (Cl 19A),
MDS-01620-054,MDS-01620,2026-08-06,HC-640,"12-1/4""",Standby,,DDR_NGP-HA-048_20260806.txt,DDR-048-20260806,"12-1/4""",Standby,1,719.55,719.55,,tool in the hole (Cl 28); not chargeable on Standby (Sch.3 Pt3),0,,,0,719.55,0,71955,not_supported_by_report,charge_not_in_record,Cl 20-31 pp.6-7; App. G p.36; guideline 2,,"DDR_NGP-HA-048_20260806.txt (Standby, 12-1/4"") supports no HC-640: tool in the hole (Cl 28); not chargeable on Standby (Sch.3 Pt3)",,
MDS-01646-054,MDS-01646,2026-08-15,LW-401,"8-1/2""",Operating,,DDR_NGP-BD-084_20260815.txt,DDR-084-20260815,"8-1/2""",Operating,2,1831.17,3662.34,1,Crew on tour: 1 (Cl 22),1,1831.17,1969.00 [A1 p.39] -> discount 0.07 A2 -> 1831.17,1831.17,1831.17,183117,366234,qty_above_report,qty_above_record,Cl 21-30 pp.6-7; Cl 25A p.35; guideline check 5,,"billed 2, report supports 1",,
MDS-01651-025,MDS-01651,2026-08-15,DD-120,"8-1/2""",Operating,,DDR_NGP-WS-120_20260815.txt,DDR-120-20260815,"8-1/2""",Operating,14,365.60,5118.40,9,10 h reported - 1 rig-up hour (21A),9,365.60,"416.00 [A3 p.42] -> section 8-1/2"" -> 393.12 -> class Standard -> 393.12 -> discount 0.07 A2 -> 365.60",3290.40,1828.00,329040,511840,qty_above_report,qty_above_record,Cl 21-30 pp.6-7; Cl 25A p.35; guideline check 5,,"billed 14, report supports 9",,chargeable_hour=per_day
MDS-01654-078,MDS-01654,2026-08-20,LW-401,"8-1/2""",Operating,,DDR_NGP-BD-031_20260820.txt,DDR-031-20260820,"8-1/2""",Operating,1,1831.17,1831.17,0,Crew on tour: 1 (Cl 22),0,,,0,1831.17,0,183117,already_billed,duplicate_measurement,Cl 29 p.7; guideline check 10,,the report's quantity was used by an earlier line (Cl 29),,
MDS-01670-038,MDS-01670,2026-08-23,DD-120,"12-1/4""",Operating,,DDR_NGP-HA-190_20260823.txt,DDR-190-20260823,"12-1/4""",Operating,24,386.88,9285.12,21,22 h reported - 1 rig-up hour (21A),21,386.88,"416.00 [A3 p.42] -> section 12-1/4"" -> 416.00 -> class Standard -> 416.00 -> discount 0.07 A2 -> 386.88",8124.48,1160.64,812448,928512,qty_above_report,qty_above_record,Cl 21-30 pp.6-7; Cl 25A p.35; guideline check 5,,"billed 24, report supports 21",,chargeable_hour=per_day
MDS-01675-046,MDS-01675,2026-08-24,DD-101,"12-1/4""",Operating,,DDR_NGP-WS-208_20260824.txt,DDR-208-20260824,"12-1/4""",Operating,2,1954.00,3908.00,2,Crew on tour: 2 (Cl 22),2,1817.22,1954.00 [A3 p.42] -> discount 0.07 A2 -> 1817.22,3634.44,273.56,363444,390800,rate_differs,discount_omitted,Cl 17-18 p.6; Part IX p.35; Schedules 1-3; instruments pp.37-42,rate discount omitted,billed rate reproduced by: rate discount omitted,,
MDS-01725-062,MDS-01725,2026-09-11,DD-121,"12-1/4""",Operating,,DDR_NGP-HA-156_20260911.txt,DDR-156-20260911,"12-1/4""",Operating,1,2893.65,2893.65,,not recorded,0,,,0,2893.65,0,289365,not_supported_by_report,charge_not_in_record,Cl 20-31 pp.6-7; App. G p.36; guideline 2,,"DDR_NGP-HA-156_20260911.txt (Operating, 12-1/4"") supports no DD-121; its words do not record the service",,
MDS-01739-041,MDS-01739,2026-09-15,DD-120,"8-1/2""",Operating,,DDR_NGP-WS-225_20260915.txt,DDR-225-20260915,"8-1/2""",Operating,13,376.58,4895.54,13,14 h reported - 1 rig-up hour (21A),13,365.60,"416.00 [A3 p.42] -> section 8-1/2"" -> 393.12 -> class Standard -> 393.12 -> discount 0.07 A2 -> 365.60",4752.80,142.74,475280,489554,rate_differs,rate_superseded,Cl 17-18 p.6; Part IX p.35; Schedules 1-3; instruments pp.37-42,superseded instrument rate (previous year),billed rate reproduced by: superseded instrument rate (previous year),,chargeable_hour=per_day
MDS-01751-010,MDS-01751,2026-09-16,MW-301,"8-1/2""",Operating,,DDR_NGP-WS-225_20260916.txt,DDR-225-20260916,"8-1/2""",Operating,3,1639.59,4918.77,2,Crew on tour: 2 (Cl 22),2,1639.59,1763.00 [A2 p.41] -> discount 0.07 A2 -> 1639.59,3279.18,1639.59,327918,491877,qty_above_report,qty_above_record,Cl 21-30 pp.6-7; Cl 25A p.35; guideline check 5,,"billed 3, report supports 2",,
MDS-01764-027,MDS-01764,2026-09-21,DD-121,"8-1/2""",Operating,,DDR_NGP-HA-067_20260921.txt,DDR-067-20260921,"8-1/2""",Operating,1,2893.65,2893.65,,not recorded,0,,,0,2893.65,0,289365,not_supported_by_report,charge_not_in_record,Cl 20-31 pp.6-7; App. G p.36; guideline 2,,"DDR_NGP-HA-067_20260921.txt (Operating, 8-1/2"") supports no DD-121; its words do not record the service",,
MDS-01782-055,MDS-01782,2026-10-01,DD-121,"8-1/2""",Operating,,DDR_NGP-HA-032_20261001.txt,DDR-032-20261001,"8-1/2""",Operating,1,2893.65,2893.65,,not recorded,0,,,0,2893.65,0,289365,not_supported_by_report,charge_not_in_record,Cl 20-31 pp.6-7; App. G p.36; guideline 2,,"DDR_NGP-HA-032_20261001.txt (Operating, 8-1/2"") supports no DD-121; its words do not record the service",,
MDS-01798-045,MDS-01798,2027-01-23,MW-301,"12-1/4""",Operating,,,DDR-104-20261007,,,2,1639.59,3279.18,,,0,,,0,3279.18,0,327918,outside_term,work_after_term,p.1; A1 1.1 p.39; A2 2.1 p.41,,2027-01-23 is after the Term as extended (2026-12-31),report_ref DDR-104-20261007 is not the number of the 2027-01-23 report (Cl 19A),
MDS-01818-027,MDS-01818,2026-10-11,PD-210,"12-1/4""",Operating,3081-3219,DDR_NGP-WS-226_20261011.txt,DDR-226-20261011,"12-1/4""",Operating,138,98.70,13620.60,138,metres drilled 3081-3219 m on a performance-drilled day (Cl 23),138,76.45,"Sch.2 band 3081-3219 m: 76.45 [p.17] -> 138 m x 76.45 (band 76.45, volume 100%)",10550.10,3070.50,1055010,1362060,rate_differs,depth_band_wrong,Cl 17-18 p.6; Part IX p.35; Schedules 1-3; instruments pp.37-42,PD-210 at band rate 98.70,billed rate reproduced by: PD-210 at band rate 98.70; PD-210 at band rate 98.70 with a class factor,,pd210_rule=perf_engineer
MDS-01823-019,MDS-01823,2026-10-14,DD-101,"17-1/2""",Operating,,DDR_NGP-WS-122_20261014.txt,DDR-122-20261014,"17-1/2""",Operating,2,1954.00,3908.00,2,Crew on tour: 2 (Cl 22),2,1817.22,1954.00 [A3 p.42] -> discount 0.07 A2 -> 1817.22,3634.44,273.56,363444,390800,rate_differs,discount_omitted,Cl 17-18 p.6; Part IX p.35; Schedules 1-3; instruments pp.37-42,rate discount omitted,billed rate reproduced by: rate discount omitted,,
MDS-01825-061,MDS-01825,2026-10-13,DD-121,"12-1/4""",Operating,,DDR_NGP-WS-226_20261013.txt,DDR-226-20261013,"12-1/4""",Operating,1,2893.65,2893.65,,not recorded,0,,,0,2893.65,0,289365,not_supported_by_report,charge_not_in_record,Cl 20-31 pp.6-7; App. G p.36; guideline 2,,"DDR_NGP-WS-226_20261013.txt (Operating, 12-1/4"") supports no DD-121; its words do not record the service",,
MDS-01860-039,MDS-01860,2027-01-12,MW-310,"8-1/2""",Operating,,,DDR-226-20261026,,,1,2434.31,2434.31,,,0,,,0,2434.31,0,243431,outside_term,work_after_term,p.1; A1 1.1 p.39; A2 2.1 p.41,,2027-01-12 is after the Term as extended (2026-12-31),report_ref DDR-226-20261026 is not the number of the 2027-01-12 report (Cl 19A),
MDS-01877-046,MDS-01877,2026-11-04,DD-120,"8-1/2""",Operating,,DDR_NGP-HA-086_20261104.txt,DDR-086-20261104,"8-1/2""",Operating,20,365.60,7312.00,19,20 h reported - 1 rig-up hour (21A),19,365.60,"416.00 [A3 p.42] -> section 8-1/2"" -> 393.12 -> class Standard -> 393.12 -> discount 0.07 A2 -> 365.60",6946.40,365.60,694640,731200,qty_above_report,chargeable_hour_not_deducted,Cl 21-30 pp.6-7; Cl 25A p.35; guideline check 5,,"billed 20, report supports 19 | billed the hours the report states, without the Clause 21A rig-up hour",,chargeable_hour=per_day
MDS-01878-014,MDS-01878,2026-10-31,PD-210,"8-1/2""",Operating,3500-3625,DDR_NGP-QA-050_20261031.txt,DDR-050-20261031,"8-1/2""",Operating,125,98.70,12337.50,125,metres drilled 3500-3625 m on a performance-drilled day (Cl 23),125,76.45,"Sch.2 band 3500-3625 m: 76.45 [p.17] -> 125 m x 76.45 (band 76.45, volume 100%)",9556.25,2781.25,955625,1233750,rate_differs,depth_band_wrong,Cl 17-18 p.6; Part IX p.35; Schedules 1-3; instruments pp.37-42,PD-210 at band rate 98.70,billed rate reproduced by: PD-210 at band rate 98.70; PD-210 at band rate 98.70 with a class factor,,pd210_rule=perf_engineer
MDS-01887-049,MDS-01887,2026-11-04,MB-701,"12-1/4""",Operating,,DDR_NGP-WS-192_20261104.txt,DDR-192-20261104,"12-1/4""",Operating,1,18497.50,18497.50,,not recorded,0,,,0,18497.50,0,1849750,not_supported_by_report,charge_not_in_record,Cl 20-31 pp.6-7; App. G p.36; guideline 2,,"DDR_NGP-WS-192_20261104.txt (Operating, 12-1/4"") supports no MB-701; its words do not record the service",,
MDS-01900-016,MDS-01900,2026-11-15,DD-120,"8-1/2""",Operating,,DDR_NGP-QA-033_20261115.txt,DDR-033-20261115,"8-1/2""",Operating,21,365.60,7677.60,19,20 h reported - 1 rig-up hour (21A),19,365.60,"416.00 [A3 p.42] -> section 8-1/2"" -> 393.12 -> class Standard -> 393.12 -> discount 0.07 A2 -> 365.60",6946.40,731.20,694640,767760,qty_above_report,qty_above_record,Cl 21-30 pp.6-7; Cl 25A p.35; guideline check 5,,"billed 21, report supports 19",,chargeable_hour=per_day
