application_no,flagged,error_category,all_categories,clauses,money_effect_by_category,billed_total,line_sum,expected_total,difference,adjustment_31A_due,retention_release_45A_due,confidence,flagged_lines,notes
PA-00001,0,,,,,265123.89,265123.89,265123.89,0.00,0.00,0.00,0.90,,
PA-00002,0,,,,,138528.71,138528.71,138528.71,0.00,0.00,0.00,0.90,,
PA-00003,0,,,,,114632.04,114632.04,114632.04,0.00,0.00,0.00,0.90,,
PA-00004,0,,,,,278807.57,278807.57,278807.57,0.00,0.00,0.00,0.90,,
PA-00005,0,,,,,140353.86,140353.86,140353.86,0.00,0.00,0.00,0.90,,
PA-00006,0,,,,,353308.02,353308.02,353308.02,0.00,0.00,0.00,0.90,,
PA-00007,0,,,,,106034.34,106034.34,106034.34,0.00,0.00,0.00,0.90,,
PA-00008,0,,,,,100206.43,100206.43,100206.43,0.00,0.00,0.00,0.90,,
PA-00009,0,,,,,106948.61,106948.61,106948.61,0.00,0.00,0.00,0.90,,
PA-00010,0,,,,,280625.29,280625.29,280625.29,0.00,0.00,0.00,0.90,,
PA-00011,0,,,,,205171.70,205171.70,205171.70,0.00,0.00,0.00,0.90,,
PA-00012,0,,,,,294800.12,294800.12,294800.12,0.00,0.00,0.00,0.90,,
PA-00013,0,,,,,327943.17,327943.17,327943.17,0.00,0.00,0.00,0.90,,
PA-00014,0,,,,,99707.63,99707.63,99707.63,0.00,0.00,0.00,0.90,,
PA-00015,0,,,,,19324.54,19324.54,19324.54,0.00,0.00,0.00,0.90,,
PA-00016,0,,,,,85313.97,85313.97,85313.97,0.00,0.00,0.00,0.90,,
PA-00017,0,,,,,384353.07,384353.07,384353.07,0.00,0.00,0.00,0.90,,
PA-00018,0,,,,,184451.11,184451.11,184451.11,0.00,0.00,0.00,0.90,,
PA-00019,0,,,,,165251.80,165251.80,165251.80,0.00,0.00,0.00,0.90,,
PA-00020,0,,,,,177761.30,177761.30,177761.30,0.00,0.00,0.00,0.90,,
PA-00021,0,,,,,110645.68,110645.68,110645.68,0.00,0.00,0.00,0.90,,
PA-00022,0,,,,,215459.39,215459.39,215459.39,0.00,0.00,0.00,0.90,,
PA-00023,0,,,,,276223.49,276223.49,276223.49,0.00,0.00,0.00,0.90,,
PA-00024,0,,,,,118827.43,118827.43,118827.43,0.00,0.00,0.00,0.90,,
PA-00025,0,,,,,151798.04,151798.04,151798.04,0.00,0.00,0.00,0.90,,
PA-00026,0,,,,,152720.91,152720.91,152720.91,0.00,0.00,0.00,0.90,,
PA-00027,0,,,,,324789.51,324789.51,324789.51,0.00,0.00,0.00,0.90,,
PA-00028,0,,,,,371079.60,371079.60,371079.60,0.00,0.00,0.00,0.90,,
PA-00029,0,,,,,106471.96,106471.96,106471.96,0.00,0.00,0.00,0.90,,
PA-00030,0,,,,,115897.54,115897.54,115897.54,0.00,0.00,0.00,0.90,,
PA-00031,0,,,,,242445.44,242445.44,242445.44,0.00,0.00,0.00,0.90,,
PA-00032,0,,,,,101154.77,101154.77,101154.77,0.00,0.00,0.00,0.90,,
PA-00033,0,,,,,81767.72,81767.72,81767.72,0.00,0.00,0.00,0.90,,
PA-00034,0,,,,,238431.47,238431.47,238431.47,0.00,0.00,0.00,0.90,,
PA-00035,0,,,,,359855.92,359855.92,359855.92,0.00,0.00,0.00,0.90,,
PA-00036,0,,,,,220190.46,220190.46,220190.46,0.00,0.00,0.00,0.90,,
PA-00037,0,,,,,316124.79,316124.79,316124.79,0.00,0.00,0.00,0.90,,
PA-00038,0,,,,,281312.26,281312.26,281312.26,0.00,0.00,0.00,0.90,,
PA-00039,0,,,,,42092.11,42092.11,42092.11,0.00,0.00,0.00,0.90,,
PA-00040,0,,,,,408814.35,408814.35,408814.35,0.00,0.00,0.00,0.90,,
PA-00041,0,,,,,52135.88,52135.88,52135.88,0.00,0.00,0.00,0.90,,
PA-00042,0,,,,,233201.98,233201.98,233201.98,0.00,0.00,0.00,0.90,,
PA-00043,1,total_arithmetic,total_arithmetic,Cl 43 p8,total_arithmetic=32.18,231457.44,231425.26,231425.26,-32.18,0.00,0.00,0.93,,billed total 231457.44 != sum of lines 231425.26
PA-00044,0,,,,,133440.42,133440.42,133440.42,0.00,0.00,0.00,0.90,,
PA-00045,0,,,,,63622.54,63622.54,63622.54,0.00,0.00,0.00,0.90,,
PA-00046,0,,,,,51554.63,51554.63,51554.63,0.00,0.00,0.00,0.90,,
PA-00047,0,,,,,57680.46,57680.46,57680.46,0.00,0.00,0.00,0.90,,
PA-00048,0,,,,,86798.84,86798.84,86798.84,0.00,0.00,0.00,0.90,,
PA-00049,0,,,,,213248.92,213248.92,213248.92,0.00,0.00,0.00,0.90,,
PA-00050,0,,,,,59532.84,59532.84,59532.84,0.00,0.00,0.00,0.90,,
PA-00051,0,,,,,232405.77,232405.77,232405.77,0.00,0.00,0.00,0.90,,
PA-00052,1,unit_not_per_schedule,unit_not_per_schedule,Cl 26 p6,unit_not_per_schedule=4239.04,102099.03,102099.03,97859.99,-4239.04,0.00,0.00,0.93,PA-00052-02,
PA-00053,0,,,,,139614.60,139614.60,139614.60,0.00,0.00,0.00,0.90,,
PA-00054,0,,,,,355790.05,355790.05,355790.05,0.00,0.00,0.00,0.90,,
PA-00055,0,,,,,262814.74,262814.74,262814.74,0.00,0.00,0.00,0.90,,
PA-00056,0,,,,,259400.66,259400.66,259400.66,0.00,0.00,0.00,0.90,,
PA-00057,0,,,,,293385.88,293385.88,293385.88,0.00,0.00,0.00,0.90,,
PA-00058,0,,,,,219811.94,219811.94,219811.94,0.00,0.00,0.00,0.90,,
PA-00059,0,,,,,114454.74,114454.74,114454.74,0.00,0.00,0.00,0.90,,
PA-00060,0,,,,,49737.06,49737.06,49737.06,0.00,0.00,0.00,0.90,,
PA-00061,0,,,,,215464.54,215464.54,215464.54,0.00,0.00,0.00,0.90,,
PA-00062,0,,,,,413545.37,413545.37,413545.37,0.00,0.00,0.00,0.90,,
PA-00063,0,,,,,291959.69,291959.69,291959.69,0.00,0.00,0.00,0.90,,
PA-00064,0,,,,,61052.06,61052.06,61052.06,0.00,0.00,0.00,0.90,,
PA-00065,0,,,,,54950.32,54950.32,54950.32,0.00,0.00,0.00,0.90,,
PA-00066,0,,,,,138510.90,138510.90,138510.90,0.00,0.00,0.00,0.90,,
PA-00067,0,,,,,53011.60,53011.60,53011.60,0.00,0.00,0.00,0.90,,
PA-00068,0,,,,,275317.90,275317.90,275317.90,0.00,0.00,0.00,0.90,,
PA-00069,0,,,,,289175.71,289175.71,289175.71,0.00,0.00,0.00,0.90,,
PA-00070,0,,,,,226542.11,226542.11,226542.11,0.00,0.00,0.00,0.90,,
PA-00071,0,,,,,121209.70,121209.70,121209.70,0.00,0.00,0.00,0.90,,
PA-00072,0,,,,,271978.78,271978.78,271978.78,0.00,0.00,0.00,0.90,,
PA-00073,0,,,,,123367.66,123367.66,123367.66,0.00,0.00,0.00,0.90,,
PA-00074,0,,,,,297791.10,297791.10,297791.10,0.00,0.00,0.00,0.90,,
PA-00075,0,,,,,32631.96,32631.96,32631.96,0.00,0.00,0.00,0.90,,
PA-00076,0,,,,,102566.30,102566.30,102566.30,0.00,0.00,0.00,0.90,,
PA-00077,0,,,,,242074.15,242074.15,242074.15,0.00,0.00,0.00,0.90,,
PA-00078,0,,,,,94478.62,94478.62,94478.62,0.00,0.00,0.00,0.90,,
PA-00079,0,,,,,118205.44,118205.44,118205.44,0.00,0.00,0.00,0.90,,
PA-00080,0,,,,,77408.92,77408.92,77408.92,0.00,0.00,0.00,0.90,,
PA-00081,0,,,,,165066.97,165066.97,165066.97,0.00,0.00,0.00,0.90,,
PA-00082,0,,,,,412495.81,412495.81,412495.81,0.00,0.00,0.00,0.90,,
PA-00083,0,,,,,263602.73,263602.73,263602.73,0.00,0.00,0.00,0.90,,
PA-00084,0,,,,,29741.06,29741.06,29741.06,0.00,0.00,0.00,0.90,,
PA-00085,0,,,,,476983.95,476983.95,476983.95,0.00,0.00,0.00,0.90,,
PA-00086,0,,,,,98549.95,98549.95,98549.95,0.00,0.00,0.00,0.90,,
PA-00087,0,,,,,49737.54,49737.54,49737.54,0.00,0.00,0.00,0.90,,
PA-00088,0,,,,,88387.10,88387.10,88387.10,0.00,0.00,0.00,0.90,,
PA-00089,0,,,,,280143.23,280143.23,280143.23,0.00,0.00,0.00,0.90,,
PA-00090,1,index_or_fx_month_wrong,index_or_fx_month_wrong,Cl 26A / 29A p32,index_or_fx_month_wrong=160.65,119591.35,119591.35,119430.70,-160.65,0.00,0.00,0.88,PA-00090-01,
PA-00091,0,,,,,213316.93,213316.93,213316.93,0.00,0.00,0.00,0.90,,
PA-00092,0,,,,,523256.30,523256.30,523256.30,0.00,0.00,0.00,0.90,,
PA-00093,0,,,,,141605.38,141605.38,141605.38,0.00,0.00,0.00,0.90,,
PA-00094,0,,,,,133870.76,133870.76,133870.76,0.00,0.00,0.00,0.90,,
PA-00095,0,,,,,184917.87,184917.87,184917.87,0.00,0.00,0.00,0.90,,
PA-00096,0,,,,,205766.25,205766.25,205766.25,0.00,0.00,0.00,0.90,,
PA-00097,0,,,,,43878.70,43878.70,43878.70,0.00,0.00,0.00,0.90,,
PA-00098,0,,,,,31623.90,31623.90,31623.90,0.00,0.00,0.00,0.90,,
PA-00099,0,,,,,162901.09,162901.09,162901.09,0.00,0.00,0.00,0.90,,
PA-00100,0,,,,,87188.26,87188.26,87188.26,0.00,0.00,0.00,0.90,,
PA-00101,1,index_or_fx_month_wrong,index_or_fx_month_wrong,Cl 26A / 29A p32,index_or_fx_month_wrong=356.16,385551.53,385551.53,385195.37,-356.16,0.00,0.00,0.88,PA-00101-07,
PA-00102,0,,,,,278959.23,278959.23,278959.23,0.00,0.00,0.00,0.90,,
PA-00103,0,,,,,50263.84,50263.84,50263.84,0.00,0.00,0.00,0.90,,
PA-00104,0,,,,,59600.40,59600.40,59600.40,0.00,0.00,0.00,0.90,,
PA-00105,0,,,,,156167.20,156167.20,156167.20,0.00,0.00,0.00,0.90,,
PA-00106,0,,,,,150574.04,150574.04,150574.04,0.00,0.00,0.00,0.90,,
PA-00107,0,,,,,83743.45,83743.45,83743.45,0.00,0.00,0.00,0.90,,
PA-00108,0,,,,,184518.80,184518.80,184518.80,0.00,0.00,0.00,0.90,,
PA-00109,0,,,,,329206.88,329206.88,329206.88,0.00,0.00,0.00,0.90,,
PA-00110,0,,,,,139090.46,139090.46,139090.46,0.00,0.00,0.00,0.90,,
PA-00111,1,record_missing,duplicate_measurement;record_missing,Cl 44 p8 | Cl 46 p8; Sch 5 p27,duplicate_measurement=1912.00;record_missing=7190.14,375442.26,375442.26,368252.12,-7190.14,0.00,0.00,0.85,PA-00111-12;PA-00111-13,
PA-00112,0,,,,,154468.54,154468.54,154468.54,0.00,0.00,0.00,0.90,,
PA-00113,0,,,,,104786.28,104786.28,104786.28,0.00,0.00,0.00,0.90,,
PA-00114,0,,,,,123503.21,123503.21,123503.21,0.00,0.00,0.00,0.90,,
PA-00115,1,intermediate_rounding,intermediate_rounding,Cl 28 p6,intermediate_rounding=3.00,185582.92,185582.92,185579.92,-3.00,0.00,0.00,0.88,PA-00115-05,
PA-00116,0,,,,,548912.76,548912.76,548912.76,0.00,0.00,0.00,0.90,,
PA-00117,0,,,,,212893.06,212893.06,212893.06,0.00,0.00,0.00,0.90,,
PA-00118,0,,,,,192959.66,192959.66,192959.66,0.00,0.00,0.00,0.90,,
PA-00119,0,,,,,107548.90,107548.90,107548.90,0.00,0.00,0.00,0.90,,
PA-00120,1,zone_factor_wrong,zone_factor_wrong,Sch 2 p20; Cl 29 p6,zone_factor_wrong=658.16,140818.01,140818.01,140159.85,-658.16,0.00,0.00,0.88,PA-00120-04,
PA-00121,0,,,,,23941.39,23941.39,23941.39,0.00,0.00,0.00,0.90,,
PA-00122,0,,,,,278415.64,278415.64,278415.64,0.00,0.00,0.00,0.90,,
PA-00123,0,,,,,78363.42,78363.42,78363.42,0.00,0.00,0.00,0.90,,
PA-00124,0,,,,,124540.01,124540.01,124540.01,0.00,0.00,0.00,0.90,,
PA-00125,1,work_after_submission,submitted_before_period_end;work_after_submission,Cl 41 p8 | Agreement p1; Cl 41 p8 (Q3),submitted_before_period_end=0.00;work_after_submission=25068.53,25068.53,25068.53,0.00,-25068.53,0.00,0.00,0.93,PA-00125-01;PA-00125-02;PA-00125-03;PA-00125-04;PA-00125-05;PA-00125-06,submitted 2025-04-15 before period end 2025-04-29
PA-00126,0,,,,,364555.78,364555.78,364555.78,0.00,0.00,0.00,0.90,,
PA-00127,0,,,,,81937.12,81937.12,81937.12,0.00,0.00,0.00,0.90,,
PA-00128,0,,,,,45819.47,45819.47,45819.47,0.00,0.00,0.00,0.90,,
PA-00129,0,,,,,367639.51,367639.51,367639.51,0.00,0.00,0.00,0.90,,
PA-00130,0,,,,,356942.46,356942.46,356942.46,0.00,0.00,0.00,0.90,,
PA-00131,0,,,,,487186.31,487186.31,487186.31,0.00,0.00,0.00,0.90,,
PA-00132,0,,,,,356806.53,356806.53,356806.53,0.00,0.00,0.00,0.90,,
PA-00133,0,,,,,309756.61,309756.61,309756.61,0.00,0.00,0.00,0.90,,
PA-00134,0,,,,,221051.00,221051.00,221051.00,0.00,0.00,0.00,0.90,,
PA-00135,0,,,,,61966.03,61966.03,61966.03,0.00,0.00,0.00,0.90,,
PA-00136,0,,,,,128844.52,128844.52,128844.52,0.00,0.00,0.00,0.90,,
PA-00137,0,,,,,96093.70,96093.70,96093.70,0.00,0.00,0.00,0.90,,
PA-00138,1,rest_day_uplift_wrong_day,rest_day_uplift_wrong_day,Sch 4 Pt 2 p24; Cl 8 p3,rest_day_uplift_wrong_day=8931.06,103408.58,103408.58,94477.52,-8931.06,0.00,0.00,0.88,PA-00138-09,
PA-00139,0,,,,,182148.14,182148.14,182148.14,0.00,0.00,0.00,0.90,,
PA-00140,0,,,,,67660.74,67660.74,67660.74,0.00,0.00,0.00,0.90,,
PA-00141,0,,,,,179536.20,179536.20,179536.20,0.00,0.00,0.00,0.90,,
PA-00142,0,,,,,151892.35,151892.35,151892.35,0.00,0.00,0.00,0.90,,
PA-00143,0,,,,,129831.69,129831.69,129831.69,0.00,0.00,0.00,0.90,,
PA-00144,0,,,,,362824.46,362824.46,362824.46,0.00,0.00,0.00,0.90,,
PA-00145,0,,,,,351565.05,351565.05,351565.05,0.00,0.00,0.00,0.90,,
PA-00146,0,,,,,160360.16,160360.16,160360.16,0.00,0.00,0.00,0.90,,
PA-00147,0,,,,,99071.52,99071.52,99071.52,0.00,0.00,0.00,0.90,,
PA-00148,0,,,,,78300.28,78300.28,78300.28,0.00,0.00,0.00,0.90,,
PA-00149,0,,,,,171701.44,171701.44,171701.44,0.00,0.00,0.00,0.90,,
PA-00150,0,,,,,180446.32,180446.32,180446.32,0.00,0.00,0.00,0.90,,
PA-00151,0,,,,,147414.43,147414.43,147414.43,0.00,0.00,0.00,0.90,,
PA-00152,0,,,,,162426.25,162426.25,162426.25,0.00,0.00,0.00,0.90,,
PA-00153,0,,,,,386709.59,386709.59,386709.59,0.00,0.00,0.00,0.90,,
PA-00154,1,line_outside_period,line_outside_period;work_after_submission,Cl 41 p8 | Agreement p1; Cl 41 p8 (Q3),line_outside_period=1304.16;work_after_submission=1304.16,90678.40,90678.40,89374.24,-1304.16,0.00,0.00,0.93,PA-00154-03,"Cl 40: stated period 2025-10-24..2025-11-01, items span 2025-10-24..2025-11-10"
PA-00155,0,,,,,253085.50,253085.50,253085.50,0.00,0.00,0.00,0.90,,
PA-00156,0,,,,,99511.20,99511.20,99511.20,0.00,0.00,0.00,0.90,,
PA-00157,0,,,,,336343.51,336343.51,336343.51,0.00,0.00,0.00,0.90,,
PA-00158,0,,,,,42690.38,42690.38,42690.38,0.00,0.00,0.00,0.90,,
PA-00159,0,,,,,166702.01,166702.01,166702.01,0.00,0.00,0.00,0.90,,
PA-00160,0,,,,,190591.65,190591.65,190591.65,0.00,0.00,0.00,0.90,,
PA-00161,0,,,,,121180.04,121180.04,121180.04,0.00,0.00,0.00,0.90,,
PA-00162,0,,,,,151988.27,151988.27,151988.27,0.00,0.00,0.00,0.90,,
PA-00163,0,,,,,143218.40,143218.40,143218.40,0.00,0.00,0.00,0.90,,
PA-00164,0,,,,,186879.95,186879.95,186879.95,0.00,0.00,0.00,0.90,,
PA-00165,0,,,,,113205.89,113205.89,113205.89,0.00,0.00,0.00,0.90,,
PA-00166,0,,,,,167366.34,167366.34,167366.34,0.00,0.00,0.00,0.90,,
PA-00167,0,,,,,142461.79,142461.79,142461.79,0.00,0.00,0.00,0.90,,
PA-00168,0,,,,,138390.32,138390.32,138390.32,0.00,0.00,0.00,0.90,,
PA-00169,0,,,,,43002.57,43002.57,43002.57,0.00,0.00,0.00,0.90,,
PA-00170,1,record_wrong_series,record_wrong_series,Cl 47A p33; Sch 5 p27,record_wrong_series=62222.16,317208.79,317208.79,254986.63,-62222.16,0.00,0.00,0.85,PA-00170-04,
PA-00171,0,,,,,67605.34,67605.34,67605.34,0.00,0.00,0.00,0.90,,
PA-00172,0,,,,,208407.01,208407.01,208407.01,0.00,0.00,0.00,0.90,,
PA-00173,0,,,,,63460.31,63460.31,63460.31,0.00,0.00,0.00,0.90,,
PA-00174,0,,,,,37784.28,37784.28,37784.28,0.00,0.00,0.00,0.90,,
PA-00175,0,,,,,49411.10,49411.10,49411.10,0.00,0.00,0.00,0.90,,
PA-00176,0,,,,,155854.09,155854.09,155854.09,0.00,0.00,0.00,0.90,,
PA-00177,0,,,,,227196.50,227196.50,227196.50,0.00,0.00,0.00,0.90,,
PA-00178,0,,,,,227764.75,227764.75,227764.75,0.00,0.00,0.00,0.90,,
PA-00179,0,,,,,293453.45,293453.45,293453.45,0.00,0.00,0.00,0.90,,
PA-00180,0,,,,,210613.78,210613.78,210613.78,0.00,0.00,0.00,0.90,,
PA-00181,0,,,,,305945.05,305945.05,305945.05,0.00,0.00,0.00,0.90,,
PA-00182,0,,,,,54146.86,54146.86,54146.86,0.00,0.00,0.00,0.90,,
PA-00183,0,,,,,145409.66,145409.66,145409.66,0.00,0.00,0.00,0.90,,
PA-00184,0,,,,,44724.59,44724.59,44724.59,0.00,0.00,0.00,0.90,,
PA-00185,0,,,,,426295.37,426295.37,426295.37,0.00,0.00,0.00,0.90,,
PA-00186,0,,,,,208603.62,208603.62,208603.62,0.00,0.00,0.00,0.90,,
PA-00187,0,,,,,210771.91,210771.91,210771.91,0.00,0.00,0.00,0.90,,
PA-00188,0,,,,,373200.06,373200.06,373200.06,0.00,0.00,0.00,0.90,,
PA-00189,0,,,,,180572.43,180572.43,180572.43,0.00,0.00,0.00,0.90,,
PA-00190,0,,,,,34013.15,34013.15,34013.15,0.00,0.00,0.00,0.90,,
PA-00191,0,,,,,198241.98,198241.98,198241.98,0.00,0.00,0.00,0.90,,
PA-00192,0,,,,,509864.87,509864.87,509864.87,0.00,0.00,0.00,0.90,,
PA-00193,0,,,,,101141.23,101141.23,101141.23,0.00,0.00,0.00,0.90,,
PA-00194,0,,,,,193376.61,193376.61,193376.61,0.00,0.00,0.00,0.90,,
PA-00195,0,,,,,253932.04,253932.04,253932.04,0.00,0.00,0.00,0.90,,
PA-00196,0,,,,,171251.87,171251.87,171251.87,0.00,0.00,0.00,0.90,,
PA-00197,0,,,,,92657.37,92657.37,92657.37,0.00,0.00,0.00,0.90,,
PA-00198,0,,,,,122349.06,122349.06,122349.06,0.00,0.00,0.00,0.90,,
PA-00199,0,,,,,387888.26,387888.26,387888.26,0.00,0.00,0.00,0.90,,
PA-00200,0,,,,,282130.83,282130.83,282130.83,0.00,0.00,0.00,0.90,,
PA-00201,0,,,,,192926.00,192926.00,192926.00,0.00,0.00,0.00,0.90,,
PA-00202,0,,,,,102596.44,102596.44,102596.44,0.00,0.00,0.00,0.90,,
PA-00203,0,,,,,89502.02,89502.02,89502.02,0.00,0.00,0.00,0.90,,
PA-00204,0,,,,,128179.71,128179.71,128179.71,0.00,0.00,0.00,0.90,,
PA-00205,0,,,,,208580.09,208580.09,208580.09,0.00,0.00,0.00,0.90,,
PA-00206,0,,,,,46097.92,46097.92,46097.92,0.00,0.00,0.00,0.90,,
PA-00207,0,,,,,50057.67,50057.67,50057.67,0.00,0.00,0.00,0.90,,
PA-00208,0,,,,,96299.96,96299.96,96299.96,0.00,0.00,0.00,0.90,,
PA-00209,0,,,,,149952.61,149952.61,149952.61,0.00,0.00,0.00,0.90,,
PA-00210,0,,,,,406458.41,406458.41,406458.41,0.00,0.00,0.00,0.90,,
PA-00211,0,,,,,165749.82,165749.82,165749.82,0.00,0.00,0.00,0.90,,
PA-00212,0,,,,,269241.51,269241.51,269241.51,0.00,0.00,0.00,0.90,,
PA-00213,0,,,,,34998.72,34998.72,34998.72,0.00,0.00,0.00,0.90,,
PA-00214,0,,,,,59772.50,59772.50,59772.50,0.00,0.00,0.00,0.90,,
PA-00215,0,,,,,28770.20,28770.20,28770.20,0.00,0.00,0.00,0.90,,
PA-00216,0,,,,,361313.61,361313.61,361313.61,0.00,0.00,0.00,0.90,,
PA-00217,0,,,,,223325.95,223325.95,223325.95,0.00,0.00,0.00,0.90,,
PA-00218,0,,,,,115779.99,115779.99,115779.99,0.00,0.00,0.00,0.90,,
PA-00219,0,,,,,75444.21,75444.21,75444.21,0.00,0.00,0.00,0.90,,
PA-00220,0,,,,,310727.62,310727.62,310727.62,0.00,0.00,0.00,0.90,,
PA-00221,0,,,,,326957.74,326957.74,326957.74,0.00,0.00,0.00,0.90,,
PA-00222,0,,,,,64093.46,64093.46,64093.46,0.00,0.00,0.00,0.90,,
PA-00223,0,,,,,66854.70,66854.70,66854.70,0.00,0.00,0.00,0.90,,
PA-00224,0,,,,,236660.02,236660.02,236660.02,0.00,0.00,0.00,0.90,,
PA-00225,0,,,,,169550.44,169550.44,169550.44,0.00,0.00,0.00,0.90,,
PA-00226,0,,,,,91963.13,91963.13,91963.13,0.00,0.00,0.00,0.90,,
PA-00227,0,,,,,134996.78,134996.78,134996.78,0.00,0.00,0.00,0.90,,
PA-00228,0,,,,,85345.38,85345.38,85345.38,0.00,0.00,0.00,0.90,,
PA-00229,0,,,,,111974.52,111974.52,111974.52,0.00,0.00,0.00,0.90,,
PA-00230,0,,,,,216440.23,216440.23,216440.23,0.00,0.00,0.00,0.90,,
PA-00231,0,,,,,268835.61,268835.61,268835.61,0.00,0.00,0.00,0.90,,
PA-00232,0,,,,,266042.26,266042.26,266042.26,0.00,0.00,0.00,0.90,,
PA-00233,0,,,,,204976.37,204976.37,204976.37,0.00,0.00,0.00,0.90,,
PA-00234,0,,,,,21038.94,21038.94,21038.94,0.00,0.00,0.00,0.90,,
PA-00235,0,,,,,260431.76,260431.76,260431.76,0.00,0.00,0.00,0.90,,
PA-00236,0,,,,,119650.01,119650.01,119650.01,0.00,0.00,0.00,0.90,,
PA-00237,0,,,,,33738.92,33738.92,33738.92,0.00,0.00,0.00,0.90,,
PA-00238,0,,,,,237327.40,237327.40,237327.40,0.00,0.00,0.00,0.90,,
PA-00239,0,,,,,150248.06,150248.06,150248.06,0.00,0.00,0.00,0.90,,
PA-00240,0,,,,,152423.23,152423.23,152423.23,0.00,0.00,0.00,0.90,,
PA-00241,0,,,,,197665.53,197665.53,197665.53,0.00,0.00,0.00,0.90,,
PA-00242,0,,,,,133353.22,133353.22,133353.22,0.00,0.00,0.00,0.90,,
PA-00243,1,daily_limit_exceeded,chargeable_hour_not_deducted;daily_limit_exceeded,Cl 6A p32 | Cl 31 p6; Sch 4 Pt 4 p26,chargeable_hour_not_deducted=246.00;daily_limit_exceeded=1368.00,94099.16,94099.16,92485.16,-1614.00,0.00,0.00,0.85,PA-00243-03;PA-00243-10,
PA-00244,0,,,,,310112.62,310112.62,310112.62,0.00,0.00,0.00,0.90,,
PA-00245,0,,,,,328253.16,328253.16,328253.16,0.00,0.00,0.00,0.90,,
PA-00246,0,,,,,39999.30,39999.30,39999.30,0.00,0.00,0.00,0.90,,
PA-00247,0,,,,,232870.45,232870.45,232870.45,0.00,0.00,0.00,0.90,,
PA-00248,1,rate_superseded,rate_superseded,Cl 27 p6; Sch of Variations p38,rate_superseded=203.74,30917.93,30917.93,31121.67,203.74,0.00,0.00,0.88,PA-00248-05,
PA-00249,0,,,,,134994.19,134994.19,134994.19,0.00,0.00,0.00,0.90,,
PA-00250,0,,,,,204126.19,204126.19,204126.19,0.00,0.00,0.00,0.90,,
PA-00251,0,,,,,131830.46,131830.46,131830.46,0.00,0.00,0.00,0.90,,
PA-00252,0,,,,,111258.43,111258.43,111258.43,0.00,0.00,0.00,0.90,,
PA-00253,0,,,,,28893.06,28893.06,28893.06,0.00,0.00,0.00,0.90,,
PA-00254,0,,,,,95260.11,95260.11,95260.11,0.00,0.00,0.00,0.90,,
PA-00255,0,,,,,60774.87,60774.87,60774.87,0.00,0.00,0.00,0.90,,
PA-00256,0,,,,,32925.94,32925.94,32925.94,0.00,0.00,0.00,0.90,,
PA-00257,0,,,,,39797.78,39797.78,39797.78,0.00,0.00,0.00,0.90,,
PA-00258,0,,,,,232973.37,232973.37,232973.37,0.00,0.00,0.00,0.90,,
PA-00259,0,,,,,29305.09,29305.09,29305.09,0.00,0.00,0.00,0.90,,
PA-00260,0,,,,,98678.20,98678.20,98678.20,0.00,0.00,0.00,0.90,,
PA-00261,0,,,,,84550.74,84550.74,84550.74,0.00,0.00,0.00,0.90,,
PA-00262,0,,,,,541271.39,541271.39,541271.39,0.00,0.00,0.00,0.90,,
PA-00263,0,,,,,280053.08,280053.08,280053.08,0.00,0.00,0.00,0.90,,
PA-00264,0,,,,,290857.95,290857.95,290857.95,0.00,0.00,0.00,0.90,,
PA-00265,0,,,,,153036.29,153036.29,153036.29,0.00,0.00,0.00,0.90,,
PA-00266,0,,,,,44700.19,44700.19,44700.19,0.00,0.00,0.00,0.90,,
PA-00267,0,,,,,188220.33,188220.33,188220.33,0.00,0.00,0.00,0.90,,
PA-00268,1,discount_omitted,discount_omitted,S2 s2.2 p41; A2 s2.3 p42,discount_omitted=2234.16,81404.75,81404.75,79170.59,-2234.16,0.00,0.00,0.88,PA-00268-03,
PA-00269,0,,,,,369743.54,369743.54,369743.54,0.00,0.00,0.00,0.90,,
PA-00270,0,,,,,79091.83,79091.83,79091.83,0.00,0.00,0.00,0.90,,
PA-00271,0,,,,,342529.75,342529.75,342529.75,0.00,0.00,0.00,0.90,,
PA-00272,0,,,,,201167.58,201167.58,201167.58,0.00,0.00,0.00,0.90,,
PA-00273,0,,,,,139628.33,139628.33,139628.33,0.00,0.00,0.00,0.90,,
PA-00274,0,,,,,100533.80,100533.80,100533.80,0.00,0.00,0.00,0.90,,
PA-00275,0,,,,,84319.58,84319.58,84319.58,0.00,0.00,0.00,0.90,,
PA-00276,0,,,,,59549.36,59549.36,59549.36,0.00,0.00,0.00,0.90,,
PA-00277,0,,,,,162833.43,162833.43,162833.43,0.00,0.00,0.00,0.90,,
PA-00278,0,,,,,223832.56,223832.56,223832.56,0.00,0.00,0.00,0.90,,
PA-00279,0,,,,,200958.41,200958.41,200958.41,0.00,0.00,0.00,0.90,,
PA-00280,0,,,,,116042.06,116042.06,116042.06,0.00,0.00,0.00,0.90,,
PA-00281,0,,,,,168903.93,168903.93,168903.93,0.00,0.00,0.00,0.90,,
PA-00282,0,,,,,142092.80,142092.80,142092.80,0.00,0.00,0.00,0.90,,
PA-00283,0,,,,,93655.97,93655.97,93655.97,0.00,0.00,0.00,0.90,,
PA-00284,0,,,,,319278.71,319278.71,319278.71,0.00,0.00,0.00,0.90,,
PA-00285,0,,,,,56997.86,56997.86,56997.86,0.00,0.00,0.00,0.90,,
PA-00286,0,,,,,339715.01,339715.01,339715.01,0.00,0.00,0.00,0.90,,
PA-00287,0,,,,,294797.64,294797.64,294797.64,0.00,0.00,0.00,0.90,,
PA-00288,0,,,,,561203.62,561203.62,561203.62,0.00,0.00,0.00,0.90,,
PA-00289,0,,,,,178996.92,178996.92,178996.92,0.00,0.00,0.00,0.90,,
PA-00290,0,,,,,99902.59,99902.59,99902.59,0.00,0.00,0.00,0.90,,
PA-00291,1,ground_factor_wrong,ground_factor_wrong,Sch 3 p23; Cl 29 p6,ground_factor_wrong=7103.70,126599.91,126599.91,119496.21,-7103.70,0.00,0.00,0.88,PA-00291-05,
PA-00292,0,,,,,25660.80,25660.80,25660.80,0.00,0.00,0.00,0.90,,
PA-00293,0,,,,,123458.21,123458.21,123458.21,0.00,0.00,0.00,0.90,,
PA-00294,0,,,,,113879.00,113879.00,113879.00,0.00,0.00,0.00,0.90,,
PA-00295,0,,,,,67703.47,67703.47,67703.47,0.00,0.00,0.00,0.90,,
PA-00296,0,,,,,50447.27,50447.27,50447.27,0.00,0.00,0.00,0.90,,
PA-00297,1,rate_superseded,rate_superseded;zone_factor_wrong,Cl 27 p6; Sch of Variations p38 | Sch 2 p20; Cl 29 p6,rate_superseded=152616.24;zone_factor_wrong=1132.38,208403.01,208403.01,359886.87,151483.86,0.00,0.00,0.88,PA-00297-02;PA-00297-07,
PA-00298,0,,,,,486020.05,486020.05,486020.05,0.00,0.00,0.00,0.90,,
PA-00299,0,,,,,77342.31,77342.31,77342.31,0.00,0.00,0.00,0.90,,
PA-00300,0,,,,,194847.73,194847.73,194847.73,0.00,0.00,0.00,0.90,,
PA-00301,0,,,,,159545.30,159545.30,159545.30,0.00,0.00,0.00,0.90,,
PA-00302,0,,,,,20605.04,20605.04,20605.04,0.00,0.00,0.00,0.90,,
PA-00303,0,,,,,156358.65,156358.65,156358.65,0.00,0.00,0.00,0.90,,
PA-00304,0,,,,,6776.65,6776.65,6776.65,0.00,0.00,0.00,0.90,,
PA-00305,0,,,,,42274.39,42274.39,42274.39,0.00,0.00,0.00,0.90,,
PA-00306,0,,,,,273446.15,273446.15,273446.15,0.00,0.00,0.00,0.90,,
PA-00307,0,,,,,156196.75,156196.75,156196.75,0.00,0.00,0.00,0.90,,
PA-00308,0,,,,,227947.29,227947.29,227947.29,0.00,0.00,0.00,0.90,,
PA-00309,0,,,,,85925.20,85925.20,85925.20,0.00,0.00,0.00,0.90,,
PA-00310,0,,,,,41544.51,41544.51,41544.51,0.00,0.00,0.00,0.90,,
PA-00311,0,,,,,42199.18,42199.18,42199.18,0.00,0.00,0.00,0.90,,
PA-00312,1,band_not_applied,qty_above_survey_tolerance;band_not_applied,Cl 33A p32 | Sch 4 Pt 3 pp24-25,qty_above_survey_tolerance=478.00;band_not_applied=1536.15,287499.89,287499.89,285485.74,-2014.15,0.00,0.00,0.88,PA-00312-04;PA-00312-05,
PA-00313,0,,,,,484441.66,484441.66,484441.66,0.00,0.00,0.00,0.90,,
PA-00314,0,,,,,82927.95,82927.95,82927.95,0.00,0.00,0.00,0.90,,
PA-00315,0,,,,,303910.91,303910.91,303910.91,0.00,0.00,0.00,0.90,,
PA-00316,0,,,,,178353.91,178353.91,178353.91,0.00,0.00,0.00,0.90,,
PA-00317,0,,,,,38973.18,38973.18,38973.18,0.00,0.00,0.00,0.90,,
PA-00318,0,,,,,576747.62,576747.62,576747.62,0.00,0.00,0.00,0.90,,
PA-00319,0,,,,,253541.63,253541.63,253541.63,0.00,0.00,0.00,0.90,,
PA-00320,1,zone_factor_wrong,zone_factor_wrong;ground_factor_wrong,Sch 2 p20; Cl 29 p6 | Sch 3 p23; Cl 29 p6,zone_factor_wrong=558.56;ground_factor_wrong=546.14,54800.86,54800.86,53696.16,-1104.70,0.00,0.00,0.88,PA-00320-02;PA-00320-04,
PA-00321,0,,,,,251084.54,251084.54,251084.54,0.00,0.00,0.00,0.90,,
PA-00322,0,,,,,98552.26,98552.26,98552.26,0.00,0.00,0.00,0.90,,
PA-00323,0,,,,,161420.07,161420.07,161420.07,0.00,0.00,0.00,0.90,,
PA-00324,0,,,,,323261.81,323261.81,323261.81,0.00,0.00,0.00,0.90,,
PA-00325,0,,,,,204371.40,204371.40,204371.40,0.00,0.00,0.00,0.90,,
PA-00326,0,,,,,90648.96,90648.96,90648.96,0.00,0.00,0.00,0.90,,
PA-00327,0,,,,,394339.68,394339.68,394339.68,0.00,0.00,0.00,0.90,,
PA-00328,0,,,,,77521.24,77521.24,77521.24,0.00,0.00,0.00,0.90,,
PA-00329,0,,,,,293827.14,293827.14,293827.14,0.00,0.00,0.00,0.90,,
PA-00330,0,,,,,192002.08,192002.08,192002.08,0.00,0.00,0.00,0.90,,
PA-00331,0,,,,,181828.57,181828.57,181828.57,0.00,0.00,0.00,0.90,,
PA-00332,0,,,,,160691.38,160691.38,160691.38,0.00,0.00,0.00,0.90,,
PA-00333,0,,,,,119856.86,119856.86,119856.86,0.00,0.00,0.00,0.90,,
PA-00334,0,,,,,229220.44,229220.44,229220.44,0.00,0.00,0.00,0.90,,
PA-00335,0,,,,,133215.90,133215.90,133215.90,0.00,0.00,0.00,0.90,,
PA-00336,0,,,,,87727.10,87727.10,87727.10,0.00,0.00,0.00,0.90,,
PA-00337,0,,,,,256364.86,256364.86,256364.86,0.00,0.00,0.00,0.90,,
PA-00338,0,,,,,176387.87,176387.87,176387.87,0.00,0.00,0.00,0.90,,
PA-00339,0,,,,,54518.71,54518.71,54518.71,0.00,0.00,0.00,0.90,,
PA-00340,0,,,,,254556.49,254556.49,254556.49,0.00,0.00,0.00,0.90,,
PA-00341,0,,,,,60446.69,60446.69,60446.69,0.00,0.00,0.00,0.90,,
PA-00342,0,,,,,223167.77,223167.77,223167.77,0.00,0.00,0.00,0.90,,
PA-00343,0,,,,,122476.90,122476.90,122476.90,0.00,0.00,0.00,0.90,,
PA-00344,0,,,,,37071.67,37071.67,37071.67,0.00,0.00,0.00,0.90,,
PA-00345,0,,,,,202750.85,202750.85,202750.85,0.00,0.00,0.00,0.90,,
PA-00346,0,,,,,134517.30,134517.30,134517.30,0.00,0.00,0.00,0.90,,
PA-00347,0,,,,,88502.12,88502.12,88502.12,0.00,0.00,0.00,0.90,,
PA-00348,0,,,,,172812.58,172812.58,172812.58,0.00,0.00,0.00,0.90,,
PA-00349,0,,,,,354906.58,354906.58,354906.58,0.00,0.00,0.00,0.90,,
PA-00350,1,retro_rate_taken_early,retro_rate_taken_early;uplift_not_eligible,Cl 31A p32; A3 p43 | Sch 4 Pt 1-2 p24,retro_rate_taken_early=2422.45;uplift_not_eligible=2422.45,28983.13,28983.13,26560.68,-2422.45,0.00,0.00,0.88,PA-00350-02,
PA-00351,0,,,,,497074.66,497074.66,497074.66,0.00,0.00,0.00,0.90,,
PA-00352,0,,,,,28935.06,28935.06,28935.06,0.00,0.00,0.00,0.90,,
PA-00353,0,,,,,337514.93,337514.93,337514.93,0.00,0.00,0.00,0.90,,
PA-00354,0,,,,,255235.36,255235.36,255235.36,0.00,0.00,0.00,0.90,,
PA-00355,0,,,,,238622.30,238622.30,238622.30,0.00,0.00,0.00,0.90,,
PA-00356,0,,,,,34640.12,34640.12,34640.12,0.00,0.00,0.00,0.90,,
PA-00357,0,,,,,183816.62,183816.62,183816.62,0.00,0.00,0.00,0.90,,
PA-00358,0,,,,,151254.69,151254.69,151254.69,0.00,0.00,0.00,0.90,,
PA-00359,0,,,,,274772.88,274772.88,274772.88,0.00,0.00,0.00,0.90,,
PA-00360,0,,,,,79909.03,79909.03,79909.03,0.00,0.00,0.00,0.90,,
PA-00361,0,,,,,124448.59,124448.59,124448.59,0.00,0.00,0.00,0.90,,
PA-00362,0,,,,,311685.81,311685.81,311685.81,0.00,0.00,0.00,0.90,,
PA-00363,0,,,,,150596.43,150596.43,150596.43,0.00,0.00,0.00,0.90,,
PA-00364,0,,,,,172054.69,172054.69,172054.69,0.00,0.00,0.00,0.90,,
PA-00365,0,,,,,258553.95,258553.95,258553.95,0.00,0.00,0.00,0.90,,
PA-00366,0,,,,,309712.00,309712.00,309712.00,0.00,0.00,0.00,0.90,,
PA-00367,0,,,,,137427.01,137427.01,137427.01,0.00,0.00,0.00,0.90,,
PA-00368,0,,,,,289415.58,289415.58,289415.58,0.00,0.00,0.00,0.90,,
PA-00369,0,,,,,217108.54,217108.54,217108.54,0.00,0.00,0.00,0.90,,
PA-00370,0,,,,,28339.16,28339.16,28339.16,0.00,0.00,0.00,0.90,,
PA-00371,0,,,,,90175.46,90175.46,90175.46,0.00,0.00,0.00,0.90,,
PA-00372,0,,,,,420649.42,420649.42,420649.42,0.00,0.00,0.00,0.90,,
PA-00373,0,,,,,72428.16,72428.16,72428.16,0.00,0.00,0.00,0.90,,
PA-00374,1,band_not_applied,band_not_applied,Sch 4 Pt 3 pp24-25,band_not_applied=763.96,173295.39,173295.39,172531.43,-763.96,0.00,0.00,0.88,PA-00374-02,
PA-00375,1,work_after_term,work_after_term;index_or_fx_month_wrong,A2 s2.1 p42; A1 s1.1 p40 | Cl 26A / 29A p32,work_after_term=942.34;index_or_fx_month_wrong=942.34,337523.03,337523.03,336580.69,-942.34,0.00,0.00,0.93,PA-00375-07,
PA-00376,0,,,,,192869.71,192869.71,192869.71,0.00,0.00,0.00,0.90,,
PA-00377,0,,,,,81328.16,81328.16,81328.16,0.00,0.00,0.00,0.90,,
PA-00378,0,,,,,108228.14,108228.14,108228.14,0.00,0.00,0.00,0.90,,
PA-00379,0,,,,,257293.90,257293.90,257293.90,0.00,0.00,0.00,0.90,,
PA-00380,0,,,,,130091.43,130091.43,130091.43,0.00,0.00,0.00,0.90,,
PA-00381,0,,,,,191200.04,191200.04,191200.04,0.00,0.00,0.00,0.90,,
PA-00382,0,,,,,243716.82,243716.82,243716.82,0.00,0.00,0.00,0.90,,
PA-00383,0,,,,,152446.96,152446.96,152446.96,0.00,0.00,0.00,0.90,,
PA-00384,0,,,,,94993.48,94993.48,94993.48,0.00,0.00,0.00,0.90,,
PA-00385,0,,,,,156776.21,156776.21,156776.21,0.00,0.00,0.00,0.90,,
PA-00386,0,,,,,30511.65,30511.65,30511.65,0.00,0.00,0.00,0.90,,
PA-00387,0,,,,,190540.90,190540.90,190540.90,0.00,0.00,0.00,0.90,,
PA-00388,0,,,,,439833.41,439833.41,439833.41,0.00,0.00,0.00,0.90,,
PA-00389,0,,,,,60588.59,60588.59,60588.59,0.00,0.00,0.00,0.90,,
PA-00390,0,,,,,164528.99,164528.99,164528.99,0.00,0.00,0.00,0.90,,
PA-00391,0,,,,,306037.29,306037.29,306037.29,0.00,0.00,0.00,0.90,,
PA-00392,0,,,,,275303.31,275303.31,275303.31,0.00,0.00,0.00,0.90,,
PA-00393,0,,,,,88546.68,88546.68,88546.68,0.00,0.00,0.00,0.90,,
PA-00394,0,,,,,364056.87,364056.87,364056.87,0.00,0.00,0.00,0.90,,
PA-00395,0,,,,,315013.02,315013.02,315013.02,0.00,0.00,0.00,0.90,,
PA-00396,0,,,,,190036.02,190036.02,190036.02,0.00,0.00,0.00,0.90,,
PA-00397,0,,,,,139511.57,139511.57,139511.57,0.00,0.00,0.00,0.90,,
PA-00398,0,,,,,159105.02,159105.02,159105.02,0.00,0.00,0.00,0.90,,
PA-00399,0,,,,,90496.53,90496.53,90496.53,0.00,0.00,0.00,0.90,,
PA-00400,0,,,,,143072.73,143072.73,143072.73,0.00,0.00,0.00,0.90,,
PA-00401,0,,,,,91612.03,91612.03,91612.03,0.00,0.00,0.00,0.90,,
PA-00402,0,,,,,116347.90,116347.90,116347.90,0.00,0.00,0.00,0.90,,
PA-00403,0,,,,,128525.59,128525.59,128525.59,0.00,0.00,0.00,0.90,,
PA-00404,0,,,,,361608.59,361608.59,361608.59,0.00,0.00,0.00,0.90,,
PA-00405,0,,,,,128954.32,128954.32,128954.32,0.00,0.00,0.00,0.90,,
PA-00406,1,unit_not_per_schedule,unit_not_per_schedule;discount_early,Cl 26 p6 | S2 s2.2 p41; A2 s2.3 p42,unit_not_per_schedule=9179.28;discount_early=1397.52,144671.39,144671.39,136889.63,-7781.76,0.00,0.00,0.93,PA-00406-02;PA-00406-03,
PA-00407,0,,,,,103473.48,103473.48,103473.48,0.00,0.00,0.00,0.90,,
PA-00408,0,,,,,66068.17,66068.17,66068.17,0.00,0.00,0.00,0.90,,
PA-00409,0,,,,,44083.64,44083.64,44083.64,0.00,0.00,0.00,0.90,,
PA-00410,0,,,,,60654.08,60654.08,60654.08,0.00,0.00,0.00,0.90,,
PA-00411,0,,,,,58982.75,58982.75,58982.75,0.00,0.00,0.00,0.90,,
PA-00412,0,,,,,230498.27,230498.27,230498.27,0.00,0.00,0.00,0.90,,
PA-00413,0,,,,,175585.54,175585.54,175585.54,0.00,0.00,0.00,0.90,,
PA-00414,0,,,,,225585.21,225585.21,225585.21,0.00,0.00,0.00,0.90,,
PA-00415,0,,,,,53765.56,53765.56,53765.56,0.00,0.00,0.00,0.90,,
PA-00416,0,,,,,47926.44,47926.44,47926.44,0.00,0.00,0.00,0.90,,
PA-00417,0,,,,,447623.14,447623.14,447623.14,0.00,0.00,0.00,0.90,,
PA-00418,0,,,,,89163.28,89163.28,89163.28,0.00,0.00,0.00,0.90,,
PA-00419,0,,,,,54151.18,54151.18,54151.18,0.00,0.00,0.00,0.90,,
PA-00420,0,,,,,200947.96,200947.96,200947.96,0.00,0.00,0.00,0.90,,
PA-00421,0,,,,,154865.19,154865.19,154865.19,0.00,0.00,0.00,0.90,,
PA-00422,0,,,,,265763.33,265763.33,265763.33,0.00,0.00,0.00,0.90,,
PA-00423,0,,,,,307316.94,307316.94,307316.94,0.00,0.00,0.00,0.90,,
PA-00424,0,,,,,100041.46,100041.46,100041.46,0.00,0.00,0.00,0.90,,
PA-00425,0,,,,,212385.21,212385.21,212385.21,0.00,0.00,0.00,0.90,,
PA-00426,0,,,,,53859.84,53859.84,53859.84,0.00,0.00,0.00,0.90,,
PA-00427,0,,,,,220399.80,220399.80,220399.80,0.00,0.00,0.00,0.90,,
PA-00428,0,,,,,93391.21,93391.21,93391.21,0.00,0.00,0.00,0.90,,
PA-00429,0,,,,,228751.58,228751.58,228751.58,0.00,0.00,0.00,0.90,,
PA-00430,0,,,,,169429.45,169429.45,169429.45,0.00,0.00,0.00,0.90,,
PA-00431,0,,,,,79667.34,79667.34,79667.34,0.00,0.00,0.00,0.90,,
PA-00432,0,,,,,356210.58,356210.58,356210.58,0.00,0.00,0.00,0.90,,
PA-00433,0,,,,,518515.09,518515.09,518515.09,0.00,0.00,0.00,0.90,,
PA-00434,0,,,,,189275.19,189275.19,189275.19,0.00,0.00,0.00,0.90,,
PA-00435,0,,,,,328580.60,328580.60,328580.60,0.00,0.00,0.00,0.90,,
PA-00436,0,,,,,167908.68,167908.68,167908.68,0.00,0.00,0.00,0.90,,
PA-00437,0,,,,,102551.65,102551.65,102551.65,0.00,0.00,0.00,0.90,,
PA-00438,0,,,,,407324.97,407324.97,407324.97,0.00,0.00,0.00,0.90,,
PA-00439,0,,,,,91768.89,91768.89,91768.89,0.00,0.00,0.00,0.90,,
PA-00440,0,,,,,71927.03,71927.03,71927.03,0.00,0.00,0.00,0.90,,
PA-00441,0,,,,,152552.11,152552.11,152552.11,0.00,0.00,0.00,0.90,,
PA-00442,0,,,,,635958.25,635958.25,635958.25,0.00,0.00,0.00,0.90,,
PA-00443,1,adjustment_31A_omitted,adjustment_31A_omitted,Cl 31A p32; A3 p43 (Q1),adjustment_31A_omitted=0.00,280688.88,280688.88,280688.88,0.00,60508.18,0.00,0.60,,"Cl 31A adjustment due 60508.18, shown 0.00"
PA-00444,0,,,,,99786.00,99786.00,99786.00,0.00,0.00,0.00,0.90,,
PA-00445,0,,,,,22935.92,22935.92,22935.92,0.00,0.00,0.00,0.90,,
PA-00446,0,,,,,132177.28,132177.28,132177.28,0.00,0.00,0.00,0.90,,
PA-00447,0,,,,,318382.72,318382.72,318382.72,0.00,0.00,0.00,0.90,,
PA-00448,0,,,,,373453.78,373453.78,373453.78,0.00,0.00,0.00,0.90,,
PA-00449,0,,,,,124950.66,124950.66,124950.66,0.00,0.00,0.00,0.90,,
PA-00450,0,,,,,325569.41,325569.41,325569.41,0.00,0.00,0.00,0.90,,
PA-00451,0,,,,,40912.90,40912.90,40912.90,0.00,0.00,0.00,0.90,,
PA-00452,0,,,,,270914.74,270914.74,270914.74,0.00,0.00,0.00,0.90,,
PA-00453,0,,,,,25699.19,25699.19,25699.19,0.00,0.00,0.00,0.90,,
PA-00454,0,,,,,101487.56,101487.56,101487.56,0.00,0.00,0.00,0.90,,
PA-00455,0,,,,,84336.57,84336.57,84336.57,0.00,0.00,0.00,0.90,,
PA-00456,0,,,,,127787.11,127787.11,127787.11,0.00,0.00,0.00,0.90,,
PA-00457,0,,,,,412413.25,412413.25,412413.25,0.00,0.00,0.00,0.90,,
PA-00458,0,,,,,268410.22,268410.22,268410.22,0.00,0.00,0.00,0.90,,
PA-00459,0,,,,,124462.58,124462.58,124462.58,0.00,0.00,0.00,0.90,,
PA-00460,0,,,,,283573.13,283573.13,283573.13,0.00,0.00,0.00,0.90,,
PA-00461,0,,,,,147844.12,147844.12,147844.12,0.00,0.00,0.00,0.90,,
PA-00462,0,,,,,69010.84,69010.84,69010.84,0.00,0.00,0.00,0.90,,
PA-00463,0,,,,,73701.53,73701.53,73701.53,0.00,0.00,0.00,0.90,,
PA-00464,0,,,,,102063.00,102063.00,102063.00,0.00,0.00,0.00,0.90,,
PA-00465,0,,,,,27289.26,27289.26,27289.26,0.00,0.00,0.00,0.90,,
PA-00466,0,,,,,105612.51,105612.51,105612.51,0.00,0.00,0.00,0.90,,
PA-00467,0,,,,,59715.86,59715.86,59715.86,0.00,0.00,0.00,0.90,,
PA-00468,1,zone_factor_wrong,zone_factor_wrong,Sch 2 p20; Cl 29 p6,zone_factor_wrong=3356.49,32093.20,32093.20,28736.71,-3356.49,0.00,0.00,0.88,PA-00468-01,
PA-00469,0,,,,,477430.18,477430.18,477430.18,0.00,0.00,0.00,0.90,,
PA-00470,0,,,,,207102.48,207102.48,207102.48,0.00,0.00,0.00,0.90,,
PA-00471,0,,,,,101588.64,101588.64,101588.64,0.00,0.00,0.00,0.90,,
PA-00472,0,,,,,218905.73,218905.73,218905.73,0.00,0.00,0.00,0.90,,
PA-00473,0,,,,,405218.30,405218.30,405218.30,0.00,0.00,0.00,0.90,,
PA-00474,0,,,,,299866.91,299866.91,299866.91,0.00,0.00,0.00,0.90,,
PA-00475,0,,,,,281615.52,281615.52,281615.52,0.00,0.00,0.00,0.90,,
PA-00476,0,,,,,154625.74,154625.74,154625.74,0.00,0.00,0.00,0.90,,
PA-00477,0,,,,,130855.39,130855.39,130855.39,0.00,0.00,0.00,0.90,,
PA-00478,0,,,,,125328.96,125328.96,125328.96,0.00,0.00,0.00,0.90,,
PA-00479,0,,,,,79591.84,79591.84,79591.84,0.00,0.00,0.00,0.90,,
PA-00480,0,,,,,135039.75,135039.75,135039.75,0.00,0.00,0.00,0.90,,
PA-00481,0,,,,,281896.90,281896.90,281896.90,0.00,0.00,0.00,0.90,,
PA-00482,0,,,,,155493.25,155493.25,155493.25,0.00,0.00,0.00,0.90,,
PA-00483,0,,,,,52827.68,52827.68,52827.68,0.00,0.00,0.00,0.90,,
PA-00484,0,,,,,43158.33,43158.33,43158.33,0.00,0.00,0.00,0.90,,
PA-00485,0,,,,,155723.05,155723.05,155723.05,0.00,0.00,0.00,0.90,,
PA-00486,0,,,,,609278.34,609278.34,609278.34,0.00,0.00,0.00,0.90,,
PA-00487,0,,,,,245353.58,245353.58,245353.58,0.00,0.00,0.00,0.90,,
PA-00488,0,,,,,412479.11,412479.11,412479.11,0.00,0.00,0.00,0.90,,
PA-00489,1,rate_superseded,rate_superseded;discount_omitted,Cl 27 p6; Sch of Variations p38 | S2 s2.2 p41; A2 s2.3 p42,rate_superseded=518.52;discount_omitted=518.52,129105.08,129105.08,128586.56,-518.52,0.00,0.00,0.88,PA-00489-02,
PA-00490,0,,,,,93719.46,93719.46,93719.46,0.00,0.00,0.00,0.90,,
PA-00491,0,,,,,69907.86,69907.86,69907.86,0.00,0.00,0.00,0.90,,
PA-00492,0,,,,,123117.75,123117.75,123117.75,0.00,0.00,0.00,0.90,,
PA-00493,0,,,,,232554.59,232554.59,232554.59,0.00,0.00,0.00,0.90,,
PA-00494,0,,,,,153101.72,153101.72,153101.72,0.00,0.00,0.00,0.90,,
PA-00495,0,,,,,191790.32,191790.32,191790.32,0.00,0.00,0.00,0.90,,
PA-00496,1,band_not_applied,band_not_applied,Sch 4 Pt 3 pp24-25,band_not_applied=581.45,244989.11,244989.11,244407.66,-581.45,0.00,0.00,0.88,PA-00496-02,
PA-00497,0,,,,,189961.27,189961.27,189961.27,0.00,0.00,0.00,0.90,,
PA-00498,0,,,,,103007.62,103007.62,103007.62,0.00,0.00,0.00,0.90,,
PA-00499,0,,,,,21371.62,21371.62,21371.62,0.00,0.00,0.00,0.90,,
PA-00500,0,,,,,239921.16,239921.16,239921.16,0.00,0.00,0.00,0.90,,
PA-00501,0,,,,,387396.94,387396.94,387396.94,0.00,0.00,0.00,0.90,,
PA-00502,0,,,,,361500.33,361500.33,361500.33,0.00,0.00,0.00,0.90,,
PA-00503,1,ground_factor_after_freeze,ground_factor_after_freeze,Cl 27A p32,ground_factor_after_freeze=10501.07,143997.69,143997.69,133496.62,-10501.07,0.00,0.00,0.88,PA-00503-03,
PA-00504,0,,,,,333748.93,333748.93,333748.93,0.00,0.00,0.00,0.90,,
PA-00505,0,,,,,25662.85,25662.85,25662.85,0.00,0.00,0.00,0.90,,
PA-00506,0,,,,,167276.60,167276.60,167276.60,0.00,0.00,0.00,0.90,,
PA-00507,0,,,,,336733.01,336733.01,336733.01,0.00,0.00,0.00,0.90,,
PA-00508,0,,,,,106383.22,106383.22,106383.22,0.00,0.00,0.00,0.90,,
PA-00509,1,ground_factor_wrong,ground_factor_wrong,Sch 3 p23; Cl 29 p6,ground_factor_wrong=5834.51,92426.41,92426.41,86591.90,-5834.51,0.00,0.00,0.88,PA-00509-02,
PA-00510,0,,,,,249285.93,249285.93,249285.93,0.00,0.00,0.00,0.90,,
PA-00511,0,,,,,199639.71,199639.71,199639.71,0.00,0.00,0.00,0.90,,
PA-00512,0,,,,,139165.42,139165.42,139165.42,0.00,0.00,0.00,0.90,,
PA-00513,0,,,,,57828.57,57828.57,57828.57,0.00,0.00,0.00,0.90,,
PA-00514,0,,,,,84794.83,84794.83,84794.83,0.00,0.00,0.00,0.90,,
PA-00515,0,,,,,70854.30,70854.30,70854.30,0.00,0.00,0.00,0.90,,
PA-00516,0,,,,,109543.52,109543.52,109543.52,0.00,0.00,0.00,0.90,,
PA-00517,0,,,,,400663.40,400663.40,400663.40,0.00,0.00,0.00,0.90,,
PA-00518,0,,,,,18994.40,18994.40,18994.40,0.00,0.00,0.00,0.90,,
PA-00519,0,,,,,179419.48,179419.48,179419.48,0.00,0.00,0.00,0.90,,
PA-00520,0,,,,,126903.68,126903.68,126903.68,0.00,0.00,0.00,0.90,,
PA-00521,0,,,,,37717.46,37717.46,37717.46,0.00,0.00,0.00,0.90,,
PA-00522,0,,,,,55397.44,55397.44,55397.44,0.00,0.00,0.00,0.90,,
PA-00523,0,,,,,40758.50,40758.50,40758.50,0.00,0.00,0.00,0.90,,
PA-00524,0,,,,,81172.16,81172.16,81172.16,0.00,0.00,0.00,0.90,,
PA-00525,0,,,,,120841.06,120841.06,120841.06,0.00,0.00,0.00,0.90,,
PA-00526,0,,,,,79865.10,79865.10,79865.10,0.00,0.00,0.00,0.90,,
PA-00527,0,,,,,34927.18,34927.18,34927.18,0.00,0.00,0.00,0.90,,
PA-00528,0,,,,,246936.70,246936.70,246936.70,0.00,0.00,0.00,0.90,,
PA-00529,0,,,,,306340.01,306340.01,306340.01,0.00,0.00,0.00,0.90,,
PA-00530,0,,,,,231515.53,231515.53,231515.53,0.00,0.00,0.00,0.90,,
PA-00531,0,,,,,307134.94,307134.94,307134.94,0.00,0.00,0.00,0.90,,
PA-00532,0,,,,,407398.58,407398.58,407398.58,0.00,0.00,0.00,0.90,,
PA-00533,0,,,,,292130.98,292130.98,292130.98,0.00,0.00,0.00,0.90,,
PA-00534,0,,,,,185351.80,185351.80,185351.80,0.00,0.00,0.00,0.90,,
PA-00535,0,,,,,405992.04,405992.04,405992.04,0.00,0.00,0.00,0.90,,
PA-00536,0,,,,,225241.85,225241.85,225241.85,0.00,0.00,0.00,0.90,,
PA-00537,0,,,,,136009.75,136009.75,136009.75,0.00,0.00,0.00,0.90,,
PA-00538,0,,,,,276486.08,276486.08,276486.08,0.00,0.00,0.00,0.90,,
PA-00539,0,,,,,36388.66,36388.66,36388.66,0.00,0.00,0.00,0.90,,
PA-00540,0,,,,,94643.86,94643.86,94643.86,0.00,0.00,0.00,0.90,,
PA-00541,0,,,,,324808.11,324808.11,324808.11,0.00,0.00,0.00,0.90,,
PA-00542,0,,,,,142689.02,142689.02,142689.02,0.00,0.00,0.00,0.90,,
PA-00543,0,,,,,185447.71,185447.71,185447.71,0.00,0.00,0.00,0.90,,
PA-00544,0,,,,,335928.67,335928.67,335928.67,0.00,0.00,0.00,0.90,,
PA-00545,0,,,,,117213.09,117213.09,117213.09,0.00,0.00,0.00,0.90,,
PA-00546,0,,,,,161822.46,161822.46,161822.46,0.00,0.00,0.00,0.90,,
PA-00547,0,,,,,322608.40,322608.40,322608.40,0.00,0.00,0.00,0.90,,
PA-00548,0,,,,,80345.03,80345.03,80345.03,0.00,0.00,0.00,0.90,,
PA-00549,0,,,,,62915.25,62915.25,62915.25,0.00,0.00,0.00,0.90,,
PA-00550,0,,,,,66329.19,66329.19,66329.19,0.00,0.00,0.00,0.90,,
PA-00551,0,,,,,441814.89,441814.89,441814.89,0.00,0.00,0.00,0.90,,
PA-00552,0,,,,,194461.03,194461.03,194461.03,0.00,0.00,0.00,0.90,,
PA-00553,0,,,,,67020.08,67020.08,67020.08,0.00,0.00,0.00,0.90,,
PA-00554,0,,,,,78492.91,78492.91,78492.91,0.00,0.00,0.00,0.90,,
PA-00555,0,,,,,83952.23,83952.23,83952.23,0.00,0.00,0.00,0.90,,
PA-00556,0,,,,,255052.09,255052.09,255052.09,0.00,0.00,0.00,0.90,,
PA-00557,0,,,,,201315.19,201315.19,201315.19,0.00,0.00,0.00,0.90,,
PA-00558,0,,,,,104093.87,104093.87,104093.87,0.00,0.00,0.00,0.90,,
PA-00559,0,,,,,132473.40,132473.40,132473.40,0.00,0.00,0.00,0.90,,
PA-00560,1,wrong_contract_ref,wrong_contract_ref,Agreement p1 (check 1),wrong_contract_ref=0.00,351571.74,351571.74,351571.74,0.00,0.00,0.00,0.75,,contract_ref 'CW-2024-0417-CIV' / issuer 'Ridgeway Civil Engineering LLC'
PA-00561,0,,,,,128722.41,128722.41,128722.41,0.00,0.00,0.00,0.90,,
PA-00562,0,,,,,44793.83,44793.83,44793.83,0.00,0.00,0.00,0.90,,
PA-00563,0,,,,,8924.39,8924.39,8924.39,0.00,0.00,0.00,0.90,,
PA-00564,0,,,,,61527.35,61527.35,61527.35,0.00,0.00,0.00,0.90,,
PA-00565,0,,,,,101445.42,101445.42,101445.42,0.00,0.00,0.00,0.90,,
PA-00566,0,,,,,322578.83,322578.83,322578.83,0.00,0.00,0.00,0.90,,
PA-00567,0,,,,,40073.08,40073.08,40073.08,0.00,0.00,0.00,0.90,,
PA-00568,0,,,,,112352.50,112352.50,112352.50,0.00,0.00,0.00,0.90,,
PA-00569,0,,,,,20078.20,20078.20,20078.20,0.00,0.00,0.00,0.90,,
PA-00570,0,,,,,57084.76,57084.76,57084.76,0.00,0.00,0.00,0.90,,
PA-00571,0,,,,,195234.11,195234.11,195234.11,0.00,0.00,0.00,0.90,,
PA-00572,0,,,,,232733.60,232733.60,232733.60,0.00,0.00,0.00,0.90,,
PA-00573,0,,,,,271655.55,271655.55,271655.55,0.00,0.00,0.00,0.90,,
PA-00574,0,,,,,201344.90,201344.90,201344.90,0.00,0.00,0.00,0.90,,
PA-00575,0,,,,,61805.73,61805.73,61805.73,0.00,0.00,0.00,0.90,,
PA-00576,0,,,,,287419.78,287419.78,287419.78,0.00,0.00,0.00,0.90,,
PA-00577,0,,,,,347496.66,347496.66,347496.66,0.00,0.00,0.00,0.90,,
PA-00578,0,,,,,168296.95,168296.95,168296.95,0.00,0.00,0.00,0.90,,
PA-00579,0,,,,,106404.51,106404.51,106404.51,0.00,0.00,0.00,0.90,,
PA-00580,0,,,,,532244.72,532244.72,532244.72,0.00,0.00,0.00,0.90,,
PA-00581,0,,,,,34248.50,34248.50,34248.50,0.00,0.00,0.00,0.90,,
PA-00582,0,,,,,59329.36,59329.36,59329.36,0.00,0.00,0.00,0.90,,
PA-00583,0,,,,,106823.22,106823.22,106823.22,0.00,0.00,0.00,0.90,,
PA-00584,0,,,,,46414.20,46414.20,46414.20,0.00,0.00,0.00,0.90,,
PA-00585,0,,,,,80799.62,80799.62,80799.62,0.00,0.00,0.00,0.90,,
PA-00586,0,,,,,103681.06,103681.06,103681.06,0.00,0.00,0.00,0.90,,
PA-00587,0,,,,,180347.45,180347.45,180347.45,0.00,0.00,0.00,0.90,,
PA-00588,0,,,,,181784.44,181784.44,181784.44,0.00,0.00,0.00,0.90,,
PA-00589,0,,,,,210987.68,210987.68,210987.68,0.00,0.00,0.00,0.90,,
PA-00590,0,,,,,97529.51,97529.51,97529.51,0.00,0.00,0.00,0.90,,
PA-00591,0,,,,,214251.99,214251.99,214251.99,0.00,0.00,0.00,0.90,,
PA-00592,0,,,,,461316.60,461316.60,461316.60,0.00,0.00,0.00,0.90,,
PA-00593,0,,,,,246544.32,246544.32,246544.32,0.00,0.00,0.00,0.90,,
PA-00594,0,,,,,36951.85,36951.85,36951.85,0.00,0.00,0.00,0.90,,
PA-00595,0,,,,,213544.90,213544.90,213544.90,0.00,0.00,0.00,0.90,,
PA-00596,0,,,,,193822.49,193822.49,193822.49,0.00,0.00,0.00,0.90,,
PA-00597,0,,,,,167594.41,167594.41,167594.41,0.00,0.00,0.00,0.90,,
PA-00598,0,,,,,242703.17,242703.17,242703.17,0.00,0.00,0.00,0.90,,
PA-00599,0,,,,,168339.93,168339.93,168339.93,0.00,0.00,0.00,0.90,,
PA-00600,0,,,,,269014.91,269014.91,269014.91,0.00,0.00,0.00,0.90,,
PA-00601,0,,,,,40995.74,40995.74,40995.74,0.00,0.00,0.00,0.90,,
PA-00602,0,,,,,183576.73,183576.73,183576.73,0.00,0.00,0.00,0.90,,
PA-00603,0,,,,,86541.54,86541.54,86541.54,0.00,0.00,0.00,0.90,,
PA-00604,0,,,,,47818.61,47818.61,47818.61,0.00,0.00,0.00,0.90,,
PA-00605,0,,,,,62211.02,62211.02,62211.02,0.00,0.00,0.00,0.90,,
PA-00606,0,,,,,125299.62,125299.62,125299.62,0.00,0.00,0.00,0.90,,
PA-00607,0,,,,,288111.27,288111.27,288111.27,0.00,0.00,0.00,0.90,,
PA-00608,0,,,,,171545.02,171545.02,171545.02,0.00,0.00,0.00,0.90,,
PA-00609,1,record_missing,record_missing,Cl 46 p8; Sch 5 p27,record_missing=13206.24,118237.40,118237.40,105031.16,-13206.24,0.00,0.00,0.85,PA-00609-01,
PA-00610,1,line_arithmetic,line_arithmetic,Cl 28 p6; Cl 42 p8,line_arithmetic=31.00,47873.44,47873.44,47904.44,31.00,0.00,0.00,0.93,PA-00610-02,
PA-00611,0,,,,,177311.79,177311.79,177311.79,0.00,0.00,0.00,0.90,,
PA-00612,0,,,,,139792.17,139792.17,139792.17,0.00,0.00,0.00,0.90,,
PA-00613,1,record_not_countersigned,submitted_late;record_not_countersigned,Cl 41 p8 (21 days) | Cl 47 p8; P22 p14,submitted_late=0.00;record_not_countersigned=27930.00,88779.08,88779.08,60849.08,-27930.00,0.00,0.00,0.85,PA-00613-01,submitted 26 days after period end (limit 21)
PA-00614,0,,,,,16206.65,16206.65,16206.65,0.00,0.00,0.00,0.90,,
PA-00615,0,,,,,400669.30,400669.30,400669.30,0.00,0.00,0.00,0.90,,
PA-00616,0,,,,,74942.36,74942.36,74942.36,0.00,0.00,0.00,0.90,,
PA-00617,0,,,,,51246.19,51246.19,51246.19,0.00,0.00,0.00,0.90,,
PA-00618,0,,,,,110548.79,110548.79,110548.79,0.00,0.00,0.00,0.90,,
PA-00619,0,,,,,75081.80,75081.80,75081.80,0.00,0.00,0.00,0.90,,
PA-00620,0,,,,,160540.59,160540.59,160540.59,0.00,0.00,0.00,0.90,,
PA-00621,0,,,,,122237.73,122237.73,122237.73,0.00,0.00,0.00,0.90,,
PA-00622,0,,,,,363685.11,363685.11,363685.11,0.00,0.00,0.00,0.90,,
PA-00623,0,,,,,300923.60,300923.60,300923.60,0.00,0.00,0.00,0.90,,
PA-00624,0,,,,,184158.83,184158.83,184158.83,0.00,0.00,0.00,0.90,,
PA-00625,0,,,,,298146.36,298146.36,298146.36,0.00,0.00,0.00,0.90,,
PA-00626,0,,,,,33687.72,33687.72,33687.72,0.00,0.00,0.00,0.90,,
PA-00627,0,,,,,364142.94,364142.94,364142.94,0.00,0.00,0.00,0.90,,
PA-00628,0,,,,,291039.65,291039.65,291039.65,0.00,0.00,0.00,0.90,,
PA-00629,0,,,,,21540.01,21540.01,21540.01,0.00,0.00,0.00,0.90,,
PA-00630,0,,,,,49086.97,49086.97,49086.97,0.00,0.00,0.00,0.90,,
PA-00631,1,record_missing,record_missing,Cl 46 p8; Sch 5 p27,record_missing=31548.00,219994.52,219994.52,188446.52,-31548.00,0.00,0.00,0.85,PA-00631-10,
PA-00632,0,,,,,62903.93,62903.93,62903.93,0.00,0.00,0.00,0.90,,
PA-00633,0,,,,,216653.94,216653.94,216653.94,0.00,0.00,0.00,0.90,,
PA-00634,0,,,,,61024.05,61024.05,61024.05,0.00,0.00,0.00,0.90,,
PA-00635,0,,,,,254092.00,254092.00,254092.00,0.00,0.00,0.00,0.90,,
PA-00636,1,ground_factor_wrong,zone_factor_wrong;ground_factor_wrong,Sch 2 p20; Cl 29 p6 | Sch 3 p23; Cl 29 p6,zone_factor_wrong=1110.20;ground_factor_wrong=2724.40,149066.61,149066.61,145232.01,-3834.60,0.00,0.00,0.88,PA-00636-02;PA-00636-06,
PA-00637,0,,,,,463170.85,463170.85,463170.85,0.00,0.00,0.00,0.90,,
PA-00638,0,,,,,560673.41,560673.41,560673.41,0.00,0.00,0.00,0.90,,
PA-00639,0,,,,,49641.05,49641.05,49641.05,0.00,0.00,0.00,0.90,,
PA-00640,0,,,,,309251.96,309251.96,309251.96,0.00,0.00,0.00,0.90,,
PA-00641,0,,,,,43901.52,43901.52,43901.52,0.00,0.00,0.00,0.90,,
PA-00642,0,,,,,215334.57,215334.57,215334.57,0.00,0.00,0.00,0.90,,
PA-00643,0,,,,,242676.59,242676.59,242676.59,0.00,0.00,0.00,0.90,,
PA-00644,0,,,,,34153.80,34153.80,34153.80,0.00,0.00,0.00,0.90,,
PA-00645,0,,,,,86714.64,86714.64,86714.64,0.00,0.00,0.00,0.90,,
PA-00646,0,,,,,409893.45,409893.45,409893.45,0.00,0.00,0.00,0.90,,
PA-00647,0,,,,,257731.28,257731.28,257731.28,0.00,0.00,0.00,0.90,,
PA-00648,0,,,,,96213.73,96213.73,96213.73,0.00,0.00,0.00,0.90,,
PA-00649,0,,,,,73936.78,73936.78,73936.78,0.00,0.00,0.00,0.90,,
PA-00650,0,,,,,114341.23,114341.23,114341.23,0.00,0.00,0.00,0.90,,
PA-00651,0,,,,,390065.54,390065.54,390065.54,0.00,0.00,0.00,0.90,,
PA-00652,0,,,,,63377.14,63377.14,63377.14,0.00,0.00,0.00,0.90,,
PA-00653,0,,,,,247973.23,247973.23,247973.23,0.00,0.00,0.00,0.90,,
PA-00654,0,,,,,220953.01,220953.01,220953.01,0.00,0.00,0.00,0.90,,
PA-00655,0,,,,,374291.92,374291.92,374291.92,0.00,0.00,0.00,0.90,,
PA-00656,0,,,,,210309.96,210309.96,210309.96,0.00,0.00,0.00,0.90,,
PA-00657,0,,,,,89069.67,89069.67,89069.67,0.00,0.00,0.00,0.90,,
PA-00658,0,,,,,82321.97,82321.97,82321.97,0.00,0.00,0.00,0.90,,
PA-00659,1,line_arithmetic,line_arithmetic,Cl 28 p6; Cl 42 p8,line_arithmetic=5.00,300595.57,300595.57,300600.57,5.00,0.00,0.00,0.93,PA-00659-03,
PA-00660,0,,,,,236322.09,236322.09,236322.09,0.00,0.00,0.00,0.90,,
PA-00661,0,,,,,296160.40,296160.40,296160.40,0.00,0.00,0.00,0.90,,
PA-00662,0,,,,,161663.36,161663.36,161663.36,0.00,0.00,0.00,0.90,,
PA-00663,0,,,,,33413.26,33413.26,33413.26,0.00,0.00,0.00,0.90,,
PA-00664,0,,,,,290012.58,290012.58,290012.58,0.00,0.00,0.00,0.90,,
PA-00665,0,,,,,253482.54,253482.54,253482.54,0.00,0.00,0.00,0.90,,
PA-00666,0,,,,,178361.44,178361.44,178361.44,0.00,0.00,0.00,0.90,,
PA-00667,0,,,,,176053.72,176053.72,176053.72,0.00,0.00,0.00,0.90,,
PA-00668,1,night_uplift_zone_cap,night_uplift_zone_cap,Cl 27A p32,night_uplift_zone_cap=929.04,88993.72,88993.72,88064.68,-929.04,0.00,0.00,0.88,PA-00668-02,
PA-00669,0,,,,,37516.60,37516.60,37516.60,0.00,0.00,0.00,0.90,,
PA-00670,0,,,,,38587.62,38587.62,38587.62,0.00,0.00,0.00,0.90,,
PA-00671,0,,,,,150808.37,150808.37,150808.37,0.00,0.00,0.00,0.90,,
PA-00672,1,record_missing,record_missing;line_arithmetic,Cl 46 p8; Sch 5 p27 | Cl 28 p6; Cl 42 p8,record_missing=936.00;line_arithmetic=8.00,96171.04,96171.04,95243.04,-928.00,0.00,0.00,0.93,PA-00672-02;PA-00672-04,
PA-00673,0,,,,,148510.13,148510.13,148510.13,0.00,0.00,0.00,0.90,,
PA-00674,0,,,,,498772.90,498772.90,498772.90,0.00,0.00,0.00,0.90,,
PA-00675,0,,,,,148528.42,148528.42,148528.42,0.00,0.00,0.00,0.90,,
PA-00676,0,,,,,62974.90,62974.90,62974.90,0.00,0.00,0.00,0.90,,
PA-00677,0,,,,,93596.51,93596.51,93596.51,0.00,0.00,0.00,0.90,,
PA-00678,1,work_after_term,work_after_term;record_missing;retention_release_45A_omitted,A2 s2.1 p42; A1 s1.1 p40 | Cl 46 p8; Sch 5 p27 | Cl 45A p32,work_after_term=14818.87;record_missing=984.00;retention_release_45A_omitted=0.00,526097.77,526097.77,510294.90,-15802.87,0.00,4034571.73,0.93,PA-00678-06;PA-00678-10,"Cl 40: stated period 2026-01-31..2026-10-22, items span 2026-02-01..2026-10-22 | Cl 45A release due 4034571.73, shown 0.00"
PA-00679,0,,,,,120080.89,120080.89,120080.89,0.00,0.00,0.00,0.90,,
PA-00680,0,,,,,62642.58,62642.58,62642.58,0.00,0.00,0.00,0.90,,
PA-00681,0,,,,,85948.53,85948.53,85948.53,0.00,0.00,0.00,0.90,,
PA-00682,0,,,,,18738.66,18738.66,18738.66,0.00,0.00,0.00,0.90,,
PA-00683,0,,,,,27912.32,27912.32,27912.32,0.00,0.00,0.00,0.90,,
PA-00684,0,,,,,290208.49,290208.49,290208.49,0.00,0.00,0.00,0.90,,
PA-00685,0,,,,,303198.46,303198.46,303198.46,0.00,0.00,0.00,0.90,,
PA-00686,0,,,,,300607.19,300607.19,300607.19,0.00,0.00,0.00,0.90,,
PA-00687,0,,,,,322475.95,322475.95,322475.95,0.00,0.00,0.00,0.90,,
PA-00688,0,,,,,208968.05,208968.05,208968.05,0.00,0.00,0.00,0.90,,
PA-00689,0,,,,,223780.90,223780.90,223780.90,0.00,0.00,0.00,0.90,,
PA-00690,0,,,,,302906.02,302906.02,302906.02,0.00,0.00,0.00,0.90,,
PA-00691,0,,,,,106452.66,106452.66,106452.66,0.00,0.00,0.00,0.90,,
PA-00692,0,,,,,124892.82,124892.82,124892.82,0.00,0.00,0.00,0.90,,
PA-00693,0,,,,,156822.32,156822.32,156822.32,0.00,0.00,0.00,0.90,,
PA-00694,0,,,,,33689.93,33689.93,33689.93,0.00,0.00,0.00,0.90,,
PA-00695,0,,,,,73793.40,73793.40,73793.40,0.00,0.00,0.00,0.90,,
PA-00696,0,,,,,155579.22,155579.22,155579.22,0.00,0.00,0.00,0.90,,
PA-00697,0,,,,,196906.67,196906.67,196906.67,0.00,0.00,0.00,0.90,,
PA-00698,0,,,,,185342.89,185342.89,185342.89,0.00,0.00,0.00,0.90,,
PA-00699,1,submitted_late,submitted_late,Cl 41 p8 (21 days),submitted_late=0.00,42823.05,42823.05,42823.05,0.00,0.00,0.00,0.75,,submitted 49 days after period end (limit 21)
PA-00700,1,line_outside_period,line_outside_period;work_after_submission,Cl 41 p8 | Agreement p1; Cl 41 p8 (Q3),line_outside_period=33602.72;work_after_submission=33602.72,49814.70,49814.70,16211.98,-33602.72,0.00,0.00,0.93,PA-00700-01,"Cl 40: stated period 2025-02-18..2025-02-24, items span 2025-02-18..2025-03-14"
PA-00701,0,,,,,101455.36,101455.36,101455.36,0.00,0.00,0.00,0.90,,
PA-00702,0,,,,,126680.19,126680.19,126680.19,0.00,0.00,0.00,0.90,,
PA-00703,0,,,,,313442.95,313442.95,313442.95,0.00,0.00,0.00,0.90,,
PA-00704,0,,,,,153680.91,153680.91,153680.91,0.00,0.00,0.00,0.90,,
PA-00705,0,,,,,79409.93,79409.93,79409.93,0.00,0.00,0.00,0.90,,
PA-00706,0,,,,,22347.68,22347.68,22347.68,0.00,0.00,0.00,0.90,,
PA-00707,1,zone_factor_wrong,zone_factor_wrong,Sch 2 p20; Cl 29 p6,zone_factor_wrong=2313.08,35989.42,35989.42,33676.34,-2313.08,0.00,0.00,0.88,PA-00707-04,
PA-00708,1,submitted_late,submitted_late,Cl 41 p8 (21 days),submitted_late=0.00,213031.90,213031.90,213031.90,0.00,0.00,0.00,0.75,,submitted 44 days after period end (limit 21)
PA-00709,0,,,,,135026.85,135026.85,135026.85,0.00,0.00,0.00,0.90,,
PA-00710,0,,,,,350405.97,350405.97,350405.97,0.00,0.00,0.00,0.90,,
PA-00711,1,wrong_contract_ref,wrong_contract_ref,Agreement p1 (check 1),wrong_contract_ref=0.00,210965.21,210965.21,210965.21,0.00,0.00,0.00,0.75,,contract_ref 'CW-2024-0417-CIV' / issuer 'Ridgeway Civil Engineering LLC'
PA-00712,0,,,,,409317.67,409317.67,409317.67,0.00,0.00,0.00,0.90,,
PA-00713,0,,,,,205337.55,205337.55,205337.55,0.00,0.00,0.00,0.90,,
PA-00714,0,,,,,68225.35,68225.35,68225.35,0.00,0.00,0.00,0.90,,
PA-00715,0,,,,,211599.12,211599.12,211599.12,0.00,0.00,0.00,0.90,,
PA-00716,0,,,,,266353.48,266353.48,266353.48,0.00,0.00,0.00,0.90,,
PA-00717,0,,,,,233945.91,233945.91,233945.91,0.00,0.00,0.00,0.90,,
PA-00718,0,,,,,40711.94,40711.94,40711.94,0.00,0.00,0.00,0.90,,
PA-00719,0,,,,,127999.15,127999.15,127999.15,0.00,0.00,0.00,0.90,,
PA-00720,0,,,,,56839.65,56839.65,56839.65,0.00,0.00,0.00,0.90,,
PA-00721,0,,,,,161349.60,161349.60,161349.60,0.00,0.00,0.00,0.90,,
PA-00722,0,,,,,438118.38,438118.38,438118.38,0.00,0.00,0.00,0.90,,
PA-00723,0,,,,,128877.27,128877.27,128877.27,0.00,0.00,0.00,0.90,,
PA-00724,0,,,,,208591.82,208591.82,208591.82,0.00,0.00,0.00,0.90,,
PA-00725,0,,,,,356123.32,356123.32,356123.32,0.00,0.00,0.00,0.90,,
PA-00726,0,,,,,131561.85,131561.85,131561.85,0.00,0.00,0.00,0.90,,
PA-00727,0,,,,,40360.34,40360.34,40360.34,0.00,0.00,0.00,0.90,,
PA-00728,0,,,,,468831.43,468831.43,468831.43,0.00,0.00,0.00,0.90,,
PA-00729,0,,,,,117874.52,117874.52,117874.52,0.00,0.00,0.00,0.90,,
PA-00730,0,,,,,238166.53,238166.53,238166.53,0.00,0.00,0.00,0.90,,
PA-00731,0,,,,,317311.68,317311.68,317311.68,0.00,0.00,0.00,0.90,,
PA-00732,1,uplift_not_eligible,uplift_not_eligible,Sch 4 Pt 1-2 p24,uplift_not_eligible=599.76,184907.74,184907.74,184307.98,-599.76,0.00,0.00,0.88,PA-00732-05,
PA-00733,0,,,,,99989.70,99989.70,99989.70,0.00,0.00,0.00,0.90,,
PA-00734,0,,,,,221077.53,221077.53,221077.53,0.00,0.00,0.00,0.90,,
PA-00735,0,,,,,61568.79,61568.79,61568.79,0.00,0.00,0.00,0.90,,
PA-00736,0,,,,,146266.65,146266.65,146266.65,0.00,0.00,0.00,0.90,,
PA-00737,0,,,,,293497.68,293497.68,293497.68,0.00,0.00,0.00,0.90,,
PA-00738,1,rate_superseded,rate_superseded;discount_omitted,Cl 27 p6; Sch of Variations p38 | S2 s2.2 p41; A2 s2.3 p42,rate_superseded=4742.40;discount_omitted=4742.40,230452.21,230452.21,225709.81,-4742.40,0.00,0.00,0.88,PA-00738-03,
PA-00739,0,,,,,528513.45,528513.45,528513.45,0.00,0.00,0.00,0.90,,
PA-00740,0,,,,,320550.78,320550.78,320550.78,0.00,0.00,0.00,0.90,,
PA-00741,0,,,,,38890.50,38890.50,38890.50,0.00,0.00,0.00,0.90,,
PA-00742,0,,,,,107792.35,107792.35,107792.35,0.00,0.00,0.00,0.90,,
PA-00743,0,,,,,97503.86,97503.86,97503.86,0.00,0.00,0.00,0.90,,
PA-00744,0,,,,,185347.60,185347.60,185347.60,0.00,0.00,0.00,0.90,,
PA-00745,0,,,,,138854.71,138854.71,138854.71,0.00,0.00,0.00,0.90,,
PA-00746,0,,,,,56265.30,56265.30,56265.30,0.00,0.00,0.00,0.90,,
PA-00747,0,,,,,241785.46,241785.46,241785.46,0.00,0.00,0.00,0.90,,
PA-00748,0,,,,,291920.96,291920.96,291920.96,0.00,0.00,0.00,0.90,,
PA-00749,0,,,,,126173.20,126173.20,126173.20,0.00,0.00,0.00,0.90,,
PA-00750,0,,,,,124229.38,124229.38,124229.38,0.00,0.00,0.00,0.90,,
PA-00751,0,,,,,118805.81,118805.81,118805.81,0.00,0.00,0.00,0.90,,
PA-00752,0,,,,,57306.19,57306.19,57306.19,0.00,0.00,0.00,0.90,,
PA-00753,0,,,,,221968.97,221968.97,221968.97,0.00,0.00,0.00,0.90,,
PA-00754,0,,,,,217455.77,217455.77,217455.77,0.00,0.00,0.00,0.90,,
PA-00755,0,,,,,103511.10,103511.10,103511.10,0.00,0.00,0.00,0.90,,
PA-00756,0,,,,,29869.50,29869.50,29869.50,0.00,0.00,0.00,0.90,,
PA-00757,0,,,,,171488.52,171488.52,171488.52,0.00,0.00,0.00,0.90,,
PA-00758,0,,,,,256387.35,256387.35,256387.35,0.00,0.00,0.00,0.90,,
PA-00759,0,,,,,177031.44,177031.44,177031.44,0.00,0.00,0.00,0.90,,
PA-00760,0,,,,,324786.67,324786.67,324786.67,0.00,0.00,0.00,0.90,,
PA-00761,1,ground_factor_wrong,zone_factor_wrong;ground_factor_wrong,Sch 2 p20; Cl 29 p6 | Sch 3 p23; Cl 29 p6,zone_factor_wrong=478.38;ground_factor_wrong=9140.30,84513.96,84513.96,75852.04,-8661.92,0.00,0.00,0.88,PA-00761-02;PA-00761-06,
PA-00762,0,,,,,98249.15,98249.15,98249.15,0.00,0.00,0.00,0.90,,
PA-00763,0,,,,,287129.18,287129.18,287129.18,0.00,0.00,0.00,0.90,,
PA-00764,0,,,,,6087.20,6087.20,6087.20,0.00,0.00,0.00,0.90,,
PA-00765,0,,,,,237793.19,237793.19,237793.19,0.00,0.00,0.00,0.90,,
PA-00766,1,record_missing,record_missing,Cl 46 p8; Sch 5 p27,record_missing=115824.00,313278.66,313278.66,197454.66,-115824.00,0.00,0.00,0.85,PA-00766-12,
PA-00767,0,,,,,89963.74,89963.74,89963.74,0.00,0.00,0.00,0.90,,
PA-00768,1,ground_factor_after_freeze,ground_factor_after_freeze;uplift_not_eligible,Cl 27A p32 | Sch 4 Pt 1-2 p24,ground_factor_after_freeze=7693.04;uplift_not_eligible=1375.55,81520.26,81520.26,72451.67,-9068.59,0.00,0.00,0.88,PA-00768-03;PA-00768-04,
PA-00769,0,,,,,376632.88,376632.88,376632.88,0.00,0.00,0.00,0.90,,
PA-00770,0,,,,,174062.01,174062.01,174062.01,0.00,0.00,0.00,0.90,,
PA-00771,0,,,,,132315.75,132315.75,132315.75,0.00,0.00,0.00,0.90,,
PA-00772,0,,,,,64976.08,64976.08,64976.08,0.00,0.00,0.00,0.90,,
PA-00773,0,,,,,14444.39,14444.39,14444.39,0.00,0.00,0.00,0.90,,
PA-00774,0,,,,,316850.80,316850.80,316850.80,0.00,0.00,0.00,0.90,,
PA-00775,0,,,,,144042.59,144042.59,144042.59,0.00,0.00,0.00,0.90,,
PA-00776,0,,,,,168122.36,168122.36,168122.36,0.00,0.00,0.00,0.90,,
PA-00777,0,,,,,46328.40,46328.40,46328.40,0.00,0.00,0.00,0.90,,
PA-00778,0,,,,,42106.11,42106.11,42106.11,0.00,0.00,0.00,0.90,,
PA-00779,0,,,,,298165.43,298165.43,298165.43,0.00,0.00,0.00,0.90,,
PA-00780,0,,,,,112043.84,112043.84,112043.84,0.00,0.00,0.00,0.90,,
PA-00781,0,,,,,179937.29,179937.29,179937.29,0.00,0.00,0.00,0.90,,
PA-00782,0,,,,,295544.96,295544.96,295544.96,0.00,0.00,0.00,0.90,,
PA-00783,0,,,,,35356.09,35356.09,35356.09,0.00,0.00,0.00,0.90,,
PA-00784,0,,,,,233308.80,233308.80,233308.80,0.00,0.00,0.00,0.90,,
PA-00785,0,,,,,83739.98,83739.98,83739.98,0.00,0.00,0.00,0.90,,
PA-00786,0,,,,,367445.24,367445.24,367445.24,0.00,0.00,0.00,0.90,,
PA-00787,1,zone_factor_wrong,zone_factor_wrong,Sch 2 p20; Cl 29 p6,zone_factor_wrong=1771.65,180257.83,180257.83,178486.18,-1771.65,0.00,0.00,0.88,PA-00787-05,
PA-00788,0,,,,,320819.07,320819.07,320819.07,0.00,0.00,0.00,0.90,,
PA-00789,0,,,,,194031.56,194031.56,194031.56,0.00,0.00,0.00,0.90,,
PA-00790,0,,,,,250683.72,250683.72,250683.72,0.00,0.00,0.00,0.90,,
PA-00791,0,,,,,180858.39,180858.39,180858.39,0.00,0.00,0.00,0.90,,
PA-00792,0,,,,,135432.13,135432.13,135432.13,0.00,0.00,0.00,0.90,,
PA-00793,0,,,,,284062.98,284062.98,284062.98,0.00,0.00,0.00,0.90,,
PA-00794,0,,,,,374510.50,374510.50,374510.50,0.00,0.00,0.00,0.90,,
PA-00795,0,,,,,44574.38,44574.38,44574.38,0.00,0.00,0.00,0.90,,
PA-00796,0,,,,,424840.37,424840.37,424840.37,0.00,0.00,0.00,0.90,,
PA-00797,0,,,,,109987.14,109987.14,109987.14,0.00,0.00,0.00,0.90,,
PA-00798,0,,,,,116723.22,116723.22,116723.22,0.00,0.00,0.00,0.90,,
PA-00799,0,,,,,273919.13,273919.13,273919.13,0.00,0.00,0.00,0.90,,
PA-00800,0,,,,,136228.48,136228.48,136228.48,0.00,0.00,0.00,0.90,,
PA-00801,1,mutually_exclusive_item,mutually_exclusive_item,P19 p13; Cl 32 p6; Sch 4 Pt 5 p26,mutually_exclusive_item=5555.20,112149.23,112149.23,106594.03,-5555.20,0.00,0.00,0.82,PA-00801-05,
PA-00802,0,,,,,26070.55,26070.55,26070.55,0.00,0.00,0.00,0.90,,
PA-00803,1,discount_early,discount_early,S2 s2.2 p41; A2 s2.3 p42,discount_early=5903.86,403350.62,403350.62,409254.48,5903.86,0.00,0.00,0.88,PA-00803-12,
PA-00804,0,,,,,225483.51,225483.51,225483.51,0.00,0.00,0.00,0.90,,
PA-00805,0,,,,,401033.55,401033.55,401033.55,0.00,0.00,0.00,0.90,,
PA-00806,0,,,,,261806.92,261806.92,261806.92,0.00,0.00,0.00,0.90,,
PA-00807,0,,,,,109811.66,109811.66,109811.66,0.00,0.00,0.00,0.90,,
PA-00808,0,,,,,175305.63,175305.63,175305.63,0.00,0.00,0.00,0.90,,
PA-00809,0,,,,,261793.13,261793.13,261793.13,0.00,0.00,0.00,0.90,,
PA-00810,0,,,,,240808.31,240808.31,240808.31,0.00,0.00,0.00,0.90,,
PA-00811,0,,,,,140221.11,140221.11,140221.11,0.00,0.00,0.00,0.90,,
PA-00812,0,,,,,181022.47,181022.47,181022.47,0.00,0.00,0.00,0.90,,
PA-00813,0,,,,,302835.55,302835.55,302835.55,0.00,0.00,0.00,0.90,,
PA-00814,0,,,,,50792.20,50792.20,50792.20,0.00,0.00,0.00,0.90,,
PA-00815,0,,,,,257174.10,257174.10,257174.10,0.00,0.00,0.00,0.90,,
PA-00816,0,,,,,319310.27,319310.27,319310.27,0.00,0.00,0.00,0.90,,
PA-00817,1,rate_superseded,rate_superseded;zone_factor_wrong;discount_omitted,Cl 27 p6; Sch of Variations p38 | Sch 2 p20; Cl 29 p6 | S2 s2.2 p41; A2 s2.3 p42,rate_superseded=7885.11;zone_factor_wrong=1944.25;discount_omitted=7885.11,174812.18,174812.18,164982.82,-9829.36,0.00,0.00,0.88,PA-00817-02;PA-00817-04,
PA-00818,0,,,,,263977.56,263977.56,263977.56,0.00,0.00,0.00,0.90,,
PA-00819,0,,,,,209685.85,209685.85,209685.85,0.00,0.00,0.00,0.90,,
PA-00820,0,,,,,188186.09,188186.09,188186.09,0.00,0.00,0.00,0.90,,
PA-00821,0,,,,,278589.75,278589.75,278589.75,0.00,0.00,0.00,0.90,,
PA-00822,1,uplift_not_eligible,uplift_not_eligible,Sch 4 Pt 1-2 p24,uplift_not_eligible=2751.54,84484.32,84484.32,81732.78,-2751.54,0.00,0.00,0.88,PA-00822-06,
PA-00823,0,,,,,75118.80,75118.80,75118.80,0.00,0.00,0.00,0.90,,
PA-00824,0,,,,,161577.12,161577.12,161577.12,0.00,0.00,0.00,0.90,,
PA-00825,0,,,,,101196.63,101196.63,101196.63,0.00,0.00,0.00,0.90,,
PA-00826,0,,,,,214145.51,214145.51,214145.51,0.00,0.00,0.00,0.90,,
PA-00827,0,,,,,384096.69,384096.69,384096.69,0.00,0.00,0.00,0.90,,
PA-00828,0,,,,,82439.75,82439.75,82439.75,0.00,0.00,0.00,0.90,,
PA-00829,0,,,,,383957.46,383957.46,383957.46,0.00,0.00,0.00,0.90,,
PA-00830,0,,,,,119338.97,119338.97,119338.97,0.00,0.00,0.00,0.90,,
PA-00831,0,,,,,201743.31,201743.31,201743.31,0.00,0.00,0.00,0.90,,
PA-00832,0,,,,,231027.59,231027.59,231027.59,0.00,0.00,0.00,0.90,,
PA-00833,1,unit_not_per_schedule,unit_not_per_schedule,Cl 26 p6,unit_not_per_schedule=4897.70,52758.67,52758.67,47860.97,-4897.70,0.00,0.00,0.93,PA-00833-07,
PA-00834,0,,,,,90665.61,90665.61,90665.61,0.00,0.00,0.00,0.90,,
PA-00835,0,,,,,170230.54,170230.54,170230.54,0.00,0.00,0.00,0.90,,
PA-00836,0,,,,,26159.60,26159.60,26159.60,0.00,0.00,0.00,0.90,,
PA-00837,0,,,,,49104.71,49104.71,49104.71,0.00,0.00,0.00,0.90,,
PA-00838,0,,,,,19098.90,19098.90,19098.90,0.00,0.00,0.00,0.90,,
PA-00839,0,,,,,644050.48,644050.48,644050.48,0.00,0.00,0.00,0.90,,
PA-00840,0,,,,,165136.92,165136.92,165136.92,0.00,0.00,0.00,0.90,,
PA-00841,0,,,,,243262.86,243262.86,243262.86,0.00,0.00,0.00,0.90,,
PA-00842,0,,,,,37629.15,37629.15,37629.15,0.00,0.00,0.00,0.90,,
PA-00843,0,,,,,175515.59,175515.59,175515.59,0.00,0.00,0.00,0.90,,
PA-00844,0,,,,,37975.46,37975.46,37975.46,0.00,0.00,0.00,0.90,,
PA-00845,1,daily_limit_exceeded,daily_limit_exceeded,Cl 31 p6; Sch 4 Pt 4 p26,daily_limit_exceeded=23949.60,392233.85,392233.85,368284.25,-23949.60,0.00,0.00,0.82,PA-00845-03,
PA-00846,0,,,,,33706.92,33706.92,33706.92,0.00,0.00,0.00,0.90,,
PA-00847,0,,,,,9295.58,9295.58,9295.58,0.00,0.00,0.00,0.90,,
PA-00848,0,,,,,185534.74,185534.74,185534.74,0.00,0.00,0.00,0.90,,
PA-00849,0,,,,,87458.89,87458.89,87458.89,0.00,0.00,0.00,0.90,,
PA-00850,0,,,,,410263.26,410263.26,410263.26,0.00,0.00,0.00,0.90,,
PA-00851,0,,,,,166132.39,166132.39,166132.39,0.00,0.00,0.00,0.90,,
PA-00852,0,,,,,174047.09,174047.09,174047.09,0.00,0.00,0.00,0.90,,
PA-00853,0,,,,,54687.03,54687.03,54687.03,0.00,0.00,0.00,0.90,,
PA-00854,0,,,,,63635.90,63635.90,63635.90,0.00,0.00,0.00,0.90,,
PA-00855,0,,,,,505385.24,505385.24,505385.24,0.00,0.00,0.00,0.90,,
PA-00856,0,,,,,133438.28,133438.28,133438.28,0.00,0.00,0.00,0.90,,
PA-00857,0,,,,,70792.16,70792.16,70792.16,0.00,0.00,0.00,0.90,,
PA-00858,0,,,,,75097.00,75097.00,75097.00,0.00,0.00,0.00,0.90,,
PA-00859,0,,,,,141398.24,141398.24,141398.24,0.00,0.00,0.00,0.90,,
PA-00860,0,,,,,206764.03,206764.03,206764.03,0.00,0.00,0.00,0.90,,
PA-00861,0,,,,,101966.19,101966.19,101966.19,0.00,0.00,0.00,0.90,,
PA-00862,0,,,,,327574.02,327574.02,327574.02,0.00,0.00,0.00,0.90,,
PA-00863,0,,,,,507003.67,507003.67,507003.67,0.00,0.00,0.00,0.90,,
PA-00864,0,,,,,28731.45,28731.45,28731.45,0.00,0.00,0.00,0.90,,
PA-00865,0,,,,,238514.57,238514.57,238514.57,0.00,0.00,0.00,0.90,,
PA-00866,0,,,,,108663.00,108663.00,108663.00,0.00,0.00,0.00,0.90,,
PA-00867,0,,,,,224933.71,224933.71,224933.71,0.00,0.00,0.00,0.90,,
PA-00868,0,,,,,185127.21,185127.21,185127.21,0.00,0.00,0.00,0.90,,
PA-00869,0,,,,,166043.22,166043.22,166043.22,0.00,0.00,0.00,0.90,,
PA-00870,0,,,,,93277.50,93277.50,93277.50,0.00,0.00,0.00,0.90,,
PA-00871,1,band_not_applied,band_not_applied,Sch 4 Pt 3 pp24-25,band_not_applied=283.04,85224.47,85224.47,84941.43,-283.04,0.00,0.00,0.88,PA-00871-04,
PA-00872,0,,,,,119244.54,119244.54,119244.54,0.00,0.00,0.00,0.90,,
PA-00873,0,,,,,114449.07,114449.07,114449.07,0.00,0.00,0.00,0.90,,
PA-00874,0,,,,,83722.91,83722.91,83722.91,0.00,0.00,0.00,0.90,,
PA-00875,0,,,,,121556.75,121556.75,121556.75,0.00,0.00,0.00,0.90,,
PA-00876,0,,,,,451565.00,451565.00,451565.00,0.00,0.00,0.00,0.90,,
PA-00877,0,,,,,430042.06,430042.06,430042.06,0.00,0.00,0.00,0.90,,
PA-00878,0,,,,,38637.49,38637.49,38637.49,0.00,0.00,0.00,0.90,,
PA-00879,0,,,,,184737.09,184737.09,184737.09,0.00,0.00,0.00,0.90,,
PA-00880,0,,,,,242427.24,242427.24,242427.24,0.00,0.00,0.00,0.90,,
PA-00881,0,,,,,220027.59,220027.59,220027.59,0.00,0.00,0.00,0.90,,
PA-00882,0,,,,,69992.25,69992.25,69992.25,0.00,0.00,0.00,0.90,,
PA-00883,0,,,,,106348.20,106348.20,106348.20,0.00,0.00,0.00,0.90,,
PA-00884,0,,,,,312516.23,312516.23,312516.23,0.00,0.00,0.00,0.90,,
PA-00885,0,,,,,62913.15,62913.15,62913.15,0.00,0.00,0.00,0.90,,
PA-00886,0,,,,,228750.60,228750.60,228750.60,0.00,0.00,0.00,0.90,,
PA-00887,0,,,,,271572.19,271572.19,271572.19,0.00,0.00,0.00,0.90,,
PA-00888,0,,,,,200435.07,200435.07,200435.07,0.00,0.00,0.00,0.90,,
PA-00889,1,rate_superseded,rate_superseded,Cl 27 p6; Sch of Variations p38,rate_superseded=88.20,311490.48,311490.48,311578.68,88.20,0.00,0.00,0.88,PA-00889-08,
PA-00890,0,,,,,286203.96,286203.96,286203.96,0.00,0.00,0.00,0.90,,
PA-00891,0,,,,,16405.30,16405.30,16405.30,0.00,0.00,0.00,0.90,,
PA-00892,1,unit_not_per_schedule,unit_not_per_schedule,Cl 26 p6,unit_not_per_schedule=1978.23,75201.33,75201.33,73223.10,-1978.23,0.00,0.00,0.93,PA-00892-06,
PA-00893,0,,,,,259388.76,259388.76,259388.76,0.00,0.00,0.00,0.90,,
PA-00894,0,,,,,61423.37,61423.37,61423.37,0.00,0.00,0.00,0.90,,
PA-00895,0,,,,,299581.82,299581.82,299581.82,0.00,0.00,0.00,0.90,,
PA-00896,0,,,,,144097.16,144097.16,144097.16,0.00,0.00,0.00,0.90,,
PA-00897,0,,,,,670891.46,670891.46,670891.46,0.00,0.00,0.00,0.90,,
PA-00898,1,ground_factor_wrong,ground_factor_wrong,Sch 3 p23; Cl 29 p6,ground_factor_wrong=2223.12,62756.66,62756.66,60533.54,-2223.12,0.00,0.00,0.88,PA-00898-01,
PA-00899,0,,,,,73213.34,73213.34,73213.34,0.00,0.00,0.00,0.90,,
PA-00900,0,,,,,109031.10,109031.10,109031.10,0.00,0.00,0.00,0.90,,
