scenario,flagged,added,removed,expected_total_changed,expected_delta_sar
"accepted baseline (Q1 after issue, Q2 not duplicate, Q3 supported at submission)",59,,,,0
Q1: 31A carrier PA-00006,59,PA-00006,PA-00443,,0
Q1: 31A carrier PA-00023,59,PA-00023,PA-00443,,0
Q1: 31A carrier PA-00380,59,PA-00380,PA-00443,,0
Q1: flag all four candidates,62,PA-00006;PA-00023;PA-00380,,,0
Q2: repeated A.16.010 week within one application only,61,PA-00116;PA-00395,,PA-00116;PA-00395,-3566.16
Q2: repeated A.16.010 week disallowed,77,PA-00006;PA-00026;PA-00059;PA-00116;PA-00175;PA-00262;PA-00286;PA-00368;PA-00388;PA-00395;PA-00431;PA-00547;PA-00580;PA-00741;PA-00825;PA-00874;PA-00877;PA-00880,,PA-00006;PA-00026;PA-00059;PA-00101;PA-00116;PA-00175;PA-00262;PA-00286;PA-00368;PA-00388;PA-00395;PA-00431;PA-00547;PA-00580;PA-00741;PA-00825;PA-00833;PA-00874;PA-00877;PA-00880,-33902.20
Q2: repeated A.16.010 and E.54.010 week disallowed,94,PA-00006;PA-00026;PA-00058;PA-00059;PA-00080;PA-00116;PA-00175;PA-00217;PA-00262;PA-00273;PA-00286;PA-00289;PA-00304;PA-00354;PA-00368;PA-00388;PA-00395;PA-00418;PA-00431;PA-00547;PA-00571;PA-00578;PA-00580;PA-00626;PA-00722;PA-00741;PA-00772;PA-00825;PA-00847;PA-00848;PA-00867;PA-00874;PA-00877;PA-00880;PA-00893,,PA-00006;PA-00026;PA-00058;PA-00059;PA-00080;PA-00101;PA-00116;PA-00175;PA-00217;PA-00262;PA-00273;PA-00286;PA-00289;PA-00304;PA-00354;PA-00368;PA-00388;PA-00395;PA-00418;PA-00431;PA-00547;PA-00571;PA-00578;PA-00580;PA-00626;PA-00722;PA-00741;PA-00772;PA-00825;PA-00833;PA-00847;PA-00848;PA-00867;PA-00874;PA-00877;PA-00880;PA-00893,-50163.20
Q3: keep lines executed after submission,59,,,PA-00125,25068.53
Q3: every procedural defect -> expected 0,59,,,PA-00043;PA-00560;PA-00613;PA-00699;PA-00708;PA-00711,-1110666.24
Q3: Cl 43 and submitted-early -> expected 0,59,,,PA-00043,-231425.26
reading: bands counted on supported quantity,59,,,,0
reading: P19 window days 1..2 only,58,,PA-00801,PA-00801,5555.20
reading: P19 window days 0..3,67,PA-00017;PA-00199;PA-00235;PA-00302;PA-00348;PA-00389;PA-00485;PA-00554,,PA-00017;PA-00199;PA-00235;PA-00248;PA-00302;PA-00348;PA-00389;PA-00485;PA-00554,-63602.71
